totalLoanAmount,totalLoanNum,rate,financeAmount,due,totalReturnNum,toBeReturnAmoun,occupationYear,carBuyDate,age,carEstimatePrice,personalIncome
2000,1,24,2000,15,1,0,2087,1501,30,167494,52082
1040000,13,22,80000,90,12,81333,1386,1652,40,80000,52082
120000,1,22,120000,30,1,0,2087,1652,31,160000,70000
40000,1,22,40000,30,1,0,1206,1501,26,167494,52082
200000,1,22,200000,30,1,0,1633,1501,38,167494,100000
120000,1,22,120000,120,1,0,2181,1501,39,167494,50000
57000,1,22,57000,30,1,0,2087,921,39,70000,40000
40000,1,22,40000,30,1,0,199,1652,42,45000,52082
120000,2,22,60000,30,2,0,1811,1287,44,100000,52082
50000,1,22,50000,30,1,0,2330,2017,42,50000,52082
50000,1,22,50000,30,1,0,1599,2017,28,50000,52082
40000,1,22,40000,30,1,0,1173,1652,31,40000,52082
386000,7,22,60000,30,7,0,2269,1287,30,60000,52082
100000,1,22,100000,30,1,0,2483,921,34,160000,52082
900000,6,20,160000,30,5,142333,1327,1652,24,360000,100000
980000,7,20,140000,30,7,0,2362,1652,42,150000,50000
1200000,7,20,200000,30,7,0,1358,2382,41,160000,500000
150000,1,20,150000,30,1,0,597,921,42,350000,52082
510000,4,20,150000,30,4,0,627,1501,39,167494,52082
500000,1,20,500000,30,1,0,2878,1652,35,560000,52082
250000,1,20,250000,30,1,0,1540,1501,50,167494,20000
40000,1,20,40000,30,1,0,4801,921,35,50000,52082
50000,1,20,50000,30,1,0,2063,2017,39,60000,3
190000,2,20,100000,30,2,0,2763,1501,44,167494,52082
90000,1,20,90000,30,1,0,692,921,28,170000,52082
150000,1,20,150000,30,1,0,4954,1501,41,167494,150000
240000,5,20,50000,30,5,0,1184,1287,32,70000,15000
2250000,9,20,250000,30,9,0,1822,2382,40,250000,52082
200000,1,20,200000,30,1,0,2188,2382,48,200000,52082
270000,6,20,80000,30,6,0,1337,2748,53,100000,52082
70000,1,20,70000,30,1,0,758,2017,39,60000,52082
320000,1,20,320000,30,1,0,1306,921,32,850000,150000
40000,1,20,40000,30,1,0,1367,1652,35,120000,52082
161000,4,20,50000,30,4,0,1337,921,38,60000,52082
600000,2,20,300000,30,2,0,2036,1287,36,680000,52082
120000,1,20,120000,30,1,0,852,2748,48,140000,52082
40000,1,20,40000,30,1,0,213,2017,28,40000,52082
550000,3,20,250000,30,3,0,4657,2017,0,300000,52082
90000,1,20,90000,30,1,0,60,1652,33,90000,52082
90000,1,20,90000,30,1,0,914,2017,40,100000,52082
80000,2,20,50000,30,2,0,246,2017,35,50000,52082
60000,1,20,60000,30,1,0,1554,2382,25,90000,52082
970000,12,20,120000,30,11,91500,1584,1287,28,120000,52082
1610000,7,20,230000,30,7,0,2106,2017,36,190000,52082
550000,11,20,50000,30,10,50833,2837,2017,37,50000,52082
370000,1,20,370000,30,1,0,523,3478,29,350000,52082
300000,1,20,300000,30,1,0,2958,1652,57,580000,52082
60000,1,20,60000,30,1,0,4541,1652,34,80000,52082
130000,1,20,130000,30,1,0,1315,1287,55,170000,52082
50000,1,20,50000,30,1,0,5001,1287,44,50000,52082
250000,1,20,250000,30,1,0,7862,921,44,320000,52082
150000,1,20,150000,30,1,0,861,921,32,280000,52082
420000,7,20,60000,30,7,0,1257,921,41,45000,52082
50000,1,20,50000,30,1,0,1683,1287,36,130000,52082
80000,1,20,80000,30,1,0,1926,3113,43,65000,52082
90000,1,20,90000,30,1,0,1318,1287,32,140000,52082
230000,1,20,230000,30,1,0,1834,1652,39,470000,52082
220000,1,20,220000,30,1,0,4240,1287,47,200000,52082
98000,3,20,40000,30,3,0,832,921,27,60000,52082
830000,11,20,80000,30,10,61000,1046,1287,37,130000,52082
200000,1,20,200000,30,1,0,2597,1287,28,200000,52082
80000,2,20,40000,30,2,0,2566,1652,25,50000,52082
40000,1,20,40000,30,1,0,1136,1287,47,40000,52082
110000,3,20,40000,30,3,0,2019,1287,27,50000,52082
280000,1,20,280000,30,1,0,3940,1287,26,400000,90000
800000,1,20,800000,30,1,0,652,556,46,780000,40000
180000,1,20,180000,30,1,0,2538,1287,46,530000,150000
35000,1,20,35000,30,1,0,2571,1652,39,50000,10000
150000,1,20,150000,30,1,0,990,2017,33,200000,90000
30000,1,20,30000,30,1,0,228,921,21,75000,6000
100000,1,20,100000,30,1,0,2176,2017,51,125000,100000
440000,8,20,100000,30,8,0,3944,2748,45,100000,150000
1140000,8,20,180000,30,8,0,1691,2017,31,200000,40000
1545000,11,20,230000,30,10,96583,230,2017,51,240000,12000
150000,1,20,150000,30,1,0,1053,921,23,130000,8000
400000,1,20,400000,30,1,0,4279,1652,43,650000,150000
200000,1,20,200000,30,1,0,6105,1652,43,400000,250000
800000,5,20,200000,30,4,0,2665,1652,50,580000,50000
40000,1,20,40000,30,1,0,747,1652,32,50000,10000
90000,1,20,90000,30,1,0,1934,2017,28,100000,30000
210000,1,20,210000,30,1,0,3551,921,42,470000,100000
50000,1,20,50000,30,1,0,2180,921,43,50000,12000
440000,6,20,80000,30,6,0,1665,1652,24,100000,8000
440000,7,20,70000,30,7,0,2304,1652,36,70000,10000
70000,1,20,70000,30,1,0,2087,1652,38,100000,20000
150000,1,20,150000,30,1,0,600,921,31,380000,50000
90000,1,20,90000,30,1,0,1423,2382,31,90000,15000
800000,7,20,130000,30,7,0,508,921,32,180000,60000
450000,1,20,450000,30,1,0,1270,921,41,700000,200000
600000,4,20,150000,30,4,0,1027,1652,31,290000,52082
150000,1,20,150000,30,1,0,2943,1652,40,130000,20000
650000,5,20,130000,30,5,0,1362,2017,30,150000,52082
420000,1,20,420000,30,1,0,874,921,33,800000,100000
420000,6,20,70000,30,6,0,1086,2017,50,90000,40000
100000,2,20,50000,30,2,0,966,2748,38,85000,13000
280000,5,20,60000,30,5,0,2397,921,29,65000,20000
80000,1,20,80000,30,1,0,2153,2017,28,110000,100000
110000,2,20,70000,30,2,0,1331,2017,32,65000,30000
240000,1,20,240000,30,1,0,936,556,31,300000,105000
110000,2,20,70000,30,2,0,270,2748,30,100000,52082
650000,2,20,400000,30,2,0,3843,2017,51,430000,230000
100000,1,20,100000,30,1,0,2625,2017,44,120000,80000
50000,1,20,50000,10,1,0,1381,556,31,167494,100000
160000,2,20,80000,180,2,0,2326,1652,39,110000,200000
1740000,6,20,330000,30,6,0,1657,556,41,400000,50000
80000,1,20,80000,90,1,0,501,1287,39,140000,70000
40000,1,20,40000,180,1,0,3883,1652,33,40000,14000
1480000,12,20,130000,30,11,111833,1601,2382,42,110000,130000
450000,3,20,150000,30,3,0,2273,1652,33,190000,80000
100000,1,20,100000,120,1,0,1180,1287,29,380000,100000
100000,1,20,100000,30,1,0,1820,1287,28,310000,200000
30000,1,20,30000,30,1,0,2095,1652,24,60000,6400
400000,2,22,200000,120,2,0,1913,2382,32,160000,200000
370000,3,24,130000,180,2,78198,482,1287,35,140000,40000
230000,1,24,230000,180,1,0,1762,921,38,310000,30000
50000,1,24,50000,270,1,0,390,2382,29,70000,25000
300000,3,20,150000,30,2,0,2087,1287,29,460000,50000
90000,2,24,40000,120,2,0,3317,2017,39,130000,8000
400000,1,20,400000,30,1,0,2087,921,24,460000,30000
70000,1,24,70000,180,1,0,6060,2017,41,70000,35000
800000,4,20,200000,30,4,0,735,556,45,240000,90000
660000,6,20,110000,30,6,0,4636,3113,35,150000,25000
90000,1,20,90000,30,1,0,1714,1652,45,110000,100000
300000,1,22,300000,90,1,0,2140,1287,32,600000,140000
240000,2,20,120000,30,2,0,1715,921,38,320000,30000
70000,2,20,40000,30,2,0,4760,1652,25,50000,10000
510000,1,20,510000,30,1,0,2934,921,39,570000,80000
60000,1,24,60000,180,1,0,4242,1652,34,160000,20000
90000,1,20,90000,30,1,0,4973,1652,50,100000,20000
270000,2,20,150000,30,2,0,4243,1287,33,500000,80000
650000,5,20,130000,30,5,0,2021,1287,31,160000,40000
350000,7,20,50000,30,6,50833,2844,1287,43,120000,150000
80000,1,20,80000,30,1,0,1719,2382,38,90000,20000
280000,4,20,70000,30,4,0,74,1287,38,100000,108000
40000,1,22,40000,120,1,0,2327,2017,40,50000,20000
50000,1,20,50000,30,1,0,196,921,25,100000,45000
30000,1,20,30000,30,1,0,806,556,28,100000,10000
640000,6,20,120000,30,6,0,9055,1287,50,130000,100000
280000,7,20,40000,30,7,0,228,1287,29,50000,30000
90000,1,20,90000,30,1,0,1385,1287,45,160000,80000
1000000,10,20,100000,30,10,0,1902,1652,37,80000,20000
280000,4,20,70000,30,4,0,655,1287,30,80000,80000
450000,1,20,450000,30,1,0,1357,1287,39,550000,35000
200000,1,20,200000,30,1,0,199,556,45,240000,70000
250000,2,24,250000,180,1,0,3916,2382,32,300000,40000
120000,1,24,120000,270,1,0,1420,1652,28,200000,15000
150000,3,20,50000,30,3,0,5011,921,21,70000,20000
100000,1,20,100000,30,1,0,2911,1652,45,118000,50000
180000,4,20,45000,30,4,0,2457,1652,38,50000,30000
80000,1,24,80000,270,1,0,3187,1652,32,75000,50000
750000,3,20,250000,30,3,0,1695,1287,21,370000,70000
425000,5,20,85000,30,5,0,4070,1652,43,90000,10000
40000,1,22,40000,180,1,0,1332,1652,0,50000,10000
50000,1,22,50000,90,1,0,4407,1652,50,65000,30000
50000,1,24,50000,180,1,0,694,921,31,210000,20000
70000,1,24,70000,180,1,0,6081,2017,41,70000,30000
210000,3,20,160000,30,2,0,724,2017,47,200000,130000
150000,1,20,150000,30,1,0,937,1287,33,270000,50000
380000,2,20,230000,30,2,0,1792,1287,39,280000,20000
90000,1,24,90000,270,1,0,573,2382,39,100000,13000
700000,7,20,110000,30,7,0,1396,556,23,180000,3500
120000,1,20,120000,30,1,0,970,556,52,150000,7000
360000,8,20,45000,30,7,45750,5111,2017,36,45000,30000
120000,1,24,120000,270,1,0,2586,921,33,330000,40000
210000,1,20,210000,30,1,0,608,1287,33,250000,100000
350000,7,20,50000,30,6,50833,1127,1652,27,65000,30000
400000,1,20,400000,30,1,0,424,921,38,700000,300000
160000,4,20,50000,30,4,0,1250,921,31,60000,10000
120000,1,20,120000,30,1,0,5817,921,40,230000,20000
60000,1,20,60000,30,1,0,644,556,26,170000,100000
220000,1,20,220000,30,1,0,1525,921,40,420000,100000
130000,1,24,130000,180,1,0,2380,2017,44,150000,100000
1040000,13,20,80000,30,12,81333,1527,1652,40,75000,40000
160000,2,20,80000,30,2,0,1620,1501,30,140000,100000
190000,3,20,100000,30,3,0,1043,1501,27,167494,20000
65000,1,20,65000,30,1,0,678,2748,27,65000,15000
30000,2,20,30000,30,1,0,1925,556,28,70000,10000
140000,3,20,70000,30,2,0,587,556,39,90000,10000
300000,6,20,50000,30,6,0,559,2017,27,65000,5000
20000,1,20,20000,30,1,0,559,1652,31,40000,20000
150000,7,20,30000,30,7,0,409,921,37,35000,7000
450000,3,20,150000,30,3,0,2327,1652,33,190000,80000
650000,5,20,130000,30,5,0,2053,1287,31,160000,40000
40000,1,24,40000,180,1,0,412,2748,29,40000,25000
830000,11,20,80000,30,10,61000,1143,1287,37,130000,20000
280000,7,20,40000,30,7,0,260,1287,30,50000,30000
500000,2,22,250000,120,2,0,2025,921,44,310000,15000
1480000,12,20,130000,30,11,111833,1661,2382,42,110000,130000
980000,7,20,140000,30,7,0,2484,1501,43,167494,52082
750000,5,20,150000,30,5,0,3641,1287,40,150000,110000
660000,11,20,60000,30,10,61000,1025,2382,40,48000,55000
50000,1,20,50000,30,1,0,720,921,34,100000,30000
55000,1,20,55000,30,1,0,51,556,34,180000,100000
535000,3,20,180000,30,3,0,2087,2748,45,200000,40000
40000,1,20,40000,30,1,0,386,2382,41,35000,20000
120000,2,20,60000,30,2,0,1847,1287,31,70000,5000
880000,4,20,220000,30,4,0,4463,921,45,280000,150000
80000,1,20,80000,30,1,0,1938,1287,32,130000,15000
1110000,11,20,110000,30,10,91500,1361,1287,42,110000,10000
225000,5,20,45000,30,5,0,1208,556,26,70000,20000
150000,3,20,50000,30,3,0,4072,1287,44,170000,18000
600000,6,20,100000,30,6,0,1089,921,50,70000,30000
190000,1,22,190000,90,1,0,5196,1287,51,380000,100000
520000,2,20,260000,30,2,0,3981,1652,46,230000,90000
45000,1,24,45000,180,1,0,1424,1287,30,58000,18000
290000,4,20,80000,30,4,0,1029,1652,31,60000,50000
1520000,4,20,380000,30,4,0,4317,921,37,580000,80000
330000,3,20,110000,30,3,0,542,921,33,160000,30000
120000,3,20,40000,30,3,0,2035,1287,43,125000,50000
480000,2,20,240000,30,2,0,1366,921,36,400000,25000
2400000,6,20,400000,30,6,0,789,1287,47,300000,536000
240000,4,20,60000,30,4,0,1824,556,40,110000,20000
50000,1,20,50000,30,1,0,1215,921,22,80000,8000
400000,2,20,200000,30,2,0,1368,1287,48,330000,80000
80000,1,20,80000,30,1,0,3960,1287,29,150000,20000
700000,8,20,120000,30,5,111833,1099,1652,26,140000,50000
750000,3,20,250000,30,3,0,1738,1287,21,370000,70000
120000,2,20,60000,30,2,0,1950,1287,44,100000,52082
2250000,9,20,250000,30,9,0,1950,1652,41,250000,100000
110000,2,20,40000,30,2,0,1435,2017,32,65000,30000
420000,6,20,70000,30,6,0,1190,2017,50,90000,40000
360000,8,20,45000,30,7,45750,5148,2017,36,45000,30000
240000,3,20,80000,30,3,0,1191,1652,39,100000,100000
50000,1,24,50000,270,1,0,126,921,31,100000,20000
335000,11,20,35000,30,10,25416,2775,1652,50,50000,18000
100000,1,24,100000,150,1,0,3964,1287,41,138000,100000
45000,1,20,45000,30,1,0,3294,2017,29,65000,10000
220000,1,18,220000,10,1,0,96,556,26,300000,24000
100000,1,20,100000,30,1,0,1649,921,32,100000,100000
240000,7,20,40000,30,6,0,281,2017,36,40000,15000
605000,11,20,55000,30,10,55916,3781,2017,32,60000,40000
2000000,5,20,400000,30,5,0,1169,2017,40,350000,150000
330000,6,20,60000,30,6,0,255,921,25,60000,50000
1096000,8,20,140000,30,7,117933,2294,1287,39,110000,30000
1050000,7,20,150000,30,7,0,2081,1287,32,360000,150000
180000,3,20,60000,30,3,0,1382,921,41,40000,50000
70000,1,20,70000,30,1,0,2570,1287,42,100000,50000
170000,1,20,170000,30,1,0,4397,1652,34,170000,50000
760000,10,20,100000,30,9,61000,2113,1652,47,110000,40000
1040000,13,20,80000,30,12,81333,1564,1652,41,80000,52082
440000,7,20,70000,30,7,0,2419,1652,36,70000,10000
1350000,9,20,150000,30,8,152500,1476,556,21,180000,5000
380000,2,20,150000,30,2,0,1841,1287,39,280000,20000
80000,1,18,80000,10,1,0,1172,921,29,180000,25000
650000,5,20,130000,30,5,0,2084,1287,31,160000,40000
210000,3,20,50000,30,2,0,776,2017,47,200000,130000
130000,1,20,130000,30,1,0,837,1652,32,120000,200000
665000,5,20,150000,30,4,91500,1203,1287,34,160000,40000
450000,3,20,150000,30,3,0,2361,1652,33,190000,80000
380000,9,20,50000,30,8,40666,1813,2017,40,40000,30000
80000,2,20,40000,30,2,0,687,921,36,60000,25000
150000,7,20,20000,30,7,0,445,921,37,35000,7000
440000,6,20,40000,30,6,0,1784,1652,25,100000,8000
1740000,6,20,300000,30,6,0,1753,556,42,400000,50000
50000,1,20,50000,30,1,0,2638,921,31,130000,16000
280000,4,20,70000,30,4,0,140,1287,38,100000,108000
940000,9,20,120000,30,9,0,1267,2017,32,140000,100000
280000,4,20,70000,30,4,0,719,1287,30,80000,80000
343000,6,20,70000,30,6,0,1358,921,23,90000,15000
240000,4,20,60000,30,4,0,567,921,27,110000,180000
65000,3,22,35000,90,2,0,1329,2382,35,45000,50000
1200000,7,20,200000,30,7,0,1512,2382,42,160000,500000
425000,5,20,85000,30,5,0,4129,1652,43,90000,10000
180000,4,20,45000,30,4,0,2518,1652,38,50000,30000
160000,4,20,40000,30,4,0,326,2017,53,40000,6000
1440000,6,20,240000,30,6,0,1391,921,36,400000,25000
970000,12,20,80000,30,11,91500,1726,1287,28,120000,10000
140000,3,20,45000,30,3,0,1484,1652,41,70000,40000
750000,5,20,150000,30,5,0,3677,1287,40,150000,50000
200000,2,20,100000,30,2,0,2916,921,40,170000,80000
135000,4,20,30000,30,4,0,1333,921,34,38000,8000
3000000,5,18,600000,10,5,0,451,921,34,800000,120000
130000,2,20,80000,30,2,0,2087,2382,49,170000,50000
195000,10,20,30000,30,8,20333,1606,921,44,55000,15000
50000,2,20,50000,30,1,0,1425,1652,26,110000,10000
130000,3,20,50000,30,3,0,421,2017,48,70000,8000
183000,4,20,50000,30,4,0,1091,1287,28,70000,8000
74000,4,20,26000,30,4,0,2186,4209,41,30000,100000
800000,4,20,200000,30,4,0,817,556,45,240000,90000
46000,1,20,46000,30,1,0,480,1652,28,46000,20000
250000,1,20,250000,30,1,0,1488,921,35,250000,10000
660000,6,20,110000,30,6,0,4714,3113,36,150000,25000
1140000,8,20,160000,30,8,0,1822,2017,32,200000,40000
510000,4,20,125000,30,4,0,787,1501,40,167494,52082
450000,3,20,150000,30,3,0,1914,1652,45,250000,10000
550000,3,20,180000,30,3,0,4806,1501,0,167494,52082
310000,10,20,35000,30,9,27958,788,921,29,50000,11000
750000,3,20,250000,30,3,0,301,556,27,320000,20000
240000,4,20,60000,30,4,0,1854,556,41,110000,20000
270000,6,20,80000,30,6,0,1489,2748,54,100000,20000
1520000,4,20,380000,30,4,0,4351,921,37,580000,80000
161000,4,20,40000,30,4,0,1490,921,38,60000,12000
360000,3,20,120000,30,3,0,1398,2382,31,130000,40000
210000,3,20,70000,30,3,0,820,556,28,90000,10000
110000,1,18,110000,10,1,0,394,921,34,220000,20000
290000,4,20,70000,30,4,0,1064,1652,31,60000,50000
550000,11,20,50000,30,10,50833,2982,2017,38,50000,20000
190000,6,20,40000,30,6,0,1368,1501,53,40000,20000
90000,1,24,90000,180,1,0,1521,2382,35,90000,20000
880000,4,20,220000,30,4,0,4502,921,45,280000,150000
150000,1,24,150000,180,1,0,5173,1652,24,150000,15000
190000,3,20,70000,30,3,0,2679,1287,25,150000,20000
160000,4,20,40000,30,4,0,1310,921,31,60000,10000
295000,9,20,35000,30,8,30500,1524,2382,34,45000,20000
45000,3,20,15000,30,3,0,1037,1652,29,40000,5000
275000,5,20,55000,30,5,0,1190,1287,22,95000,20000
1260000,6,20,240000,30,6,0,429,556,25,230000,50000
90000,3,20,30000,30,3,0,2803,1652,28,50000,7000
290000,4,22,80000,90,3,51750,5755,2017,60,85000,20000
1610000,7,20,230000,30,7,0,2255,2017,36,190000,50000
2400000,6,20,400000,30,6,0,826,1652,47,300000,80000
30000,1,20,30000,30,1,0,1070,1652,26,60000,8000
180000,3,20,80000,30,3,0,2531,2017,28,100000,20000
175000,5,20,35000,30,5,0,2165,2017,38,40000,8000
150000,3,20,50000,30,3,0,5088,921,21,70000,20000
220000,1,24,220000,270,1,0,1221,1287,28,380000,50000
750000,3,20,250000,30,3,0,1770,1287,21,370000,70000
800000,5,20,200000,30,4,0,2805,1652,51,580000,50000
70000,2,20,30000,30,2,0,4845,1652,25,50000,10000
1110000,11,20,110000,30,10,91500,1406,1501,42,167494,52082
50000,1,18,50000,10,1,0,1802,1287,26,90000,15000
700000,4,20,200000,30,4,0,3536,2017,29,470000,30000
900000,5,20,180000,30,5,0,1196,2017,36,180000,50000
100000,1,20,100000,30,1,0,1742,1287,35,280000,50000
2250000,9,20,250000,30,9,0,1985,1652,41,250000,100000
855000,9,20,100000,30,9,0,159,1652,33,110000,10000
800000,7,20,120000,30,7,0,646,921,32,180000,60000
650000,5,20,130000,30,5,0,1501,2017,31,150000,52082
640000,6,20,120000,30,6,0,9140,1287,50,130000,40000
240000,3,20,80000,30,3,0,1225,921,39,100000,20000
337200,7,20,50000,30,7,0,1590,921,37,105000,20000
335000,10,20,40000,30,9,30500,313,1652,29,80000,20000
330000,3,20,110000,30,3,0,586,921,33,160000,30000
25000,1,20,25000,30,1,0,557,1287,29,110000,10000
200000,3,20,80000,30,3,0,1867,1287,34,240000,30000
1080000,9,20,120000,30,8,122000,1379,1287,39,120000,10000
40000,1,24,40000,180,1,0,1349,2017,40,40000,10000
110000,3,20,35000,30,3,0,2171,1287,28,50000,8000
360000,7,20,60000,30,7,0,2140,2382,46,100000,20000
3440000,7,20,520000,30,6,427000,4545,2382,43,460000,25000
700000,7,20,100000,30,7,0,2294,2017,48,100000,20000
140000,2,20,60000,30,1,82800,1715,1287,34,100000,20000
150000,3,20,50000,30,3,0,3391,1652,39,150000,50000
40000,1,24,40000,270,1,0,1504,2017,37,50000,15000
420000,7,20,60000,30,7,0,1412,921,42,40000,30000
335000,11,20,35000,30,10,25416,2812,1652,51,50000,18000
7100000,8,20,1000000,30,8,0,1717,1287,28,700000,100000
330000,6,20,60000,30,6,0,288,921,25,60000,8000
1900000,10,20,210000,30,9,172833,1476,2017,32,210000,50000
220000,1,20,220000,30,1,0,2087,921,29,350000,130000
320000,7,20,50000,30,7,0,6194,2017,39,50000,14000
80000,2,20,40000,30,2,0,2723,1652,26,50000,6000
1350000,9,20,150000,30,8,152500,1507,556,21,180000,5000
1080000,3,20,500000,30,2,203333,198,1652,58,430000,50000
50000,1,24,50000,120,1,0,4491,1652,50,60000,20000
50000,1,18,50000,10,1,0,3089,1287,35,50000,10000
1545000,11,20,180000,30,10,96583,381,2017,51,240000,12000
1040000,13,20,80000,30,12,81333,1598,1652,41,80000,52082
200000,4,20,50000,30,4,0,868,921,53,55000,20000
200000,1,20,200000,30,1,0,1052,921,27,600000,100000
120000,2,20,60000,30,2,0,1144,1287,21,50000,10000
200000,1,20,200000,30,1,0,1510,3478,52,160000,100000
920000,5,20,200000,30,4,183000,1479,3113,60,180000,17000
50000,1,20,50000,30,1,0,383,1287,42,80000,10000
80000,2,20,40000,30,2,0,718,921,37,60000,25000
420000,9,20,55000,30,8,45750,1752,2748,37,70000,15000
300000,6,20,50000,30,6,0,626,2017,27,65000,5000
420000,6,20,70000,30,6,0,1235,2017,50,90000,40000
386000,7,20,55000,30,7,0,2454,1287,30,70000,52082
800000,4,20,200000,30,3,201500,993,1287,39,520000,80000
1000000,6,20,180000,30,5,101666,1542,1501,28,167494,52082
50000,1,24,50000,180,1,0,2697,1652,33,70000,15000
700000,7,20,110000,30,7,0,1481,556,23,180000,6500
300000,1,20,300000,30,1,0,1968,1652,50,250000,18000
50000,1,22,50000,90,1,0,4921,1652,35,460000,20000
160000,1,24,160000,180,1,0,538,1652,25,200000,85000
3000000,5,20,600000,30,5,0,479,921,34,800000,120000
970000,12,20,70000,30,11,91500,1757,1287,28,120000,10000
2000000,5,20,400000,30,5,0,1211,2017,40,350000,150000
90000,4,20,30000,30,4,0,4041,2017,39,40000,8000
343000,6,20,65000,30,6,0,1392,921,23,90000,15000
140000,2,20,70000,30,2,0,2520,2748,37,80000,15000
210000,3,20,70000,30,3,0,967,1287,41,75000,30000
145000,3,20,50000,30,2,46575,8517,921,40,50000,5000
640000,2,18,320000,15,2,0,2732,1287,40,490000,30000
440000,8,20,60000,30,8,0,4103,2748,46,100000,30000
90000,3,20,30000,30,3,0,1212,1287,43,50000,7000
150000,7,20,20000,30,7,0,481,921,37,35000,7000
110000,2,20,40000,30,2,0,420,2748,30,100000,52082
140000,3,20,45000,30,3,0,1516,1652,41,70000,40000
800000,2,20,400000,30,2,0,3616,921,38,360000,150000
1740000,6,20,300000,30,6,0,1790,556,42,400000,50000
100000,1,18,100000,10,1,0,847,1287,40,150000,40000
1080000,6,20,180000,30,5,183000,1698,2382,38,170000,100000
350000,1,20,350000,30,1,0,2979,921,51,600000,100000
1700000,3,20,600000,30,3,0,5170,1287,35,600000,100000
510000,4,20,120000,30,4,0,818,2748,40,130000,80000
200000,2,20,100000,30,2,0,2949,921,40,170000,80000
183000,4,20,50000,30,4,0,1123,1287,28,70000,8000
600000,2,24,300000,180,2,0,2218,1287,37,630000,150000
250000,1,20,250000,30,1,0,1519,556,29,500000,100000
195000,10,20,25000,30,8,20333,1639,1501,44,167494,52082
1140000,8,20,150000,30,8,0,1855,2017,32,200000,40000
450000,3,20,150000,30,3,0,1947,1652,45,250000,10000
290000,4,20,70000,30,4,0,1095,1652,32,60000,10000
210000,3,20,70000,30,3,0,851,556,28,90000,10000
161000,4,20,38000,30,4,0,1521,921,39,60000,12000
1520000,4,20,380000,30,4,0,4382,921,37,580000,80000
880000,4,20,220000,30,4,0,4532,921,45,280000,100000
360000,3,20,120000,30,3,0,1429,2382,31,130000,40000
240000,4,20,60000,30,4,0,606,921,27,110000,20000
1200000,7,20,200000,30,7,0,1551,2382,42,160000,80000
400000,1,24,400000,180,1,0,2037,1287,36,400000,100000
400000,1,20,400000,30,1,0,4595,1652,46,700000,150000
140000,2,20,70000,30,2,0,7761,556,61,55000,30000
1810000,8,18,230000,7,8,0,1096,921,39,450000,100000
540000,3,20,180000,30,3,0,1492,1652,41,200000,90000
660000,11,20,60000,30,10,61000,1097,2382,41,48000,30000
80000,2,20,40000,30,2,0,853,1287,44,50000,5000
750000,3,20,250000,30,3,0,335,556,27,320000,50000
240000,4,20,60000,30,4,0,1889,556,41,110000,20000
130000,3,20,50000,30,3,0,458,2017,48,70000,8000
500000,5,20,100000,30,5,0,1493,1287,23,200000,10000
190000,3,20,50000,30,3,0,1128,2017,27,100000,20000
160000,4,20,35000,30,4,0,1340,921,31,60000,10000
200000,1,24,200000,120,1,0,2101,2382,32,150000,100000
800000,4,20,200000,30,4,0,855,556,45,240000,70000
375000,8,20,50000,30,7,40666,4842,2382,53,80000,20000
90000,2,24,50000,120,2,0,3440,2017,39,110000,8000
500000,2,20,250000,30,2,0,2071,1501,36,167494,52082
140000,3,20,70000,30,2,0,672,556,39,90000,10000
180000,3,20,50000,30,3,0,2561,2017,28,100000,20000
98000,3,20,30000,30,3,0,1008,921,28,60000,7000
90000,3,20,30000,30,3,0,2834,1652,28,50000,7000
160000,2,24,80000,270,1,87301,491,1287,43,130000,15000
700000,4,20,200000,30,4,0,3566,2017,29,470000,30000
175000,5,20,35000,30,5,0,2197,2017,39,40000,8000
45000,3,20,15000,30,3,0,1071,1652,29,40000,5000
650000,5,20,130000,30,5,0,2135,1287,31,160000,40000
660000,6,20,110000,30,6,0,4754,3113,36,150000,25000
160000,2,20,80000,30,2,0,1709,1501,30,140000,10000
100000,2,20,50000,30,2,0,4784,1501,47,80000,10000
105000,3,20,35000,30,3,0,1163,1287,26,60000,6000
806000,10,20,90000,30,9,0,3202,2017,42,90000,20000
380000,4,20,100000,30,4,0,3810,1501,31,170000,20000
200000,8,20,30000,30,8,0,7069,1501,39,65000,8500
400000,1,18,400000,10,1,0,1376,921,33,500000,100000
560000,5,20,120000,30,5,0,433,1501,52,110000,50000
830000,11,20,80000,30,10,61000,1225,1501,37,167494,52082
900000,5,20,180000,30,5,0,1226,2017,36,180000,50000
855000,9,20,100000,30,9,0,189,1652,33,110000,10000
280000,4,20,70000,30,4,0,189,1287,38,100000,30000
160000,4,20,40000,30,4,0,373,2017,53,40000,6000
240000,7,20,40000,30,6,0,342,2017,36,40000,15000
700000,8,20,120000,30,5,111833,1165,1652,26,140000,50000
460000,5,20,110000,30,4,81333,2960,1652,39,120000,80000
640000,6,20,100000,30,6,0,9170,1287,50,130000,40000
400000,5,20,80000,30,5,0,465,556,32,120000,10000
480000,4,20,120000,30,4,0,5822,2382,41,110000,20000
330000,3,20,110000,30,3,0,616,921,33,160000,30000
240000,3,20,80000,30,3,0,1255,921,39,100000,20000
200000,4,20,50000,30,4,0,496,3113,25,40000,10000
335000,10,20,35000,30,9,30500,343,1652,29,80000,20000
4550000,10,20,550000,30,9,355833,3753,1287,46,600000,150000
110000,3,20,35000,30,3,0,2201,1287,28,50000,8000
1000000,10,20,100000,30,10,0,2017,1652,38,80000,20000
605000,11,20,55000,30,10,55916,3844,2017,32,60000,10000
3440000,7,20,520000,30,6,427000,4575,2382,43,460000,50000
700000,7,20,100000,30,7,0,2324,2017,48,100000,20000
210000,3,22,70000,90,3,0,1045,1287,33,125000,50000
1350000,3,20,500000,30,3,0,225,1652,58,430000,100000
120000,2,20,60000,30,2,0,620,1501,31,167494,52082
70000,2,20,40000,30,2,0,2447,1501,43,167494,52082
1100000,4,20,290000,30,4,0,1808,556,42,400000,50000
1050000,7,20,150000,30,7,0,2143,1287,32,360000,150000
180000,4,20,45000,30,4,0,2571,1652,38,50000,30000
155000,4,20,40000,30,4,0,866,921,36,50000,6000
550000,1,20,550000,15,1,0,744,921,29,500000,100000
60000,1,20,60000,30,1,0,4335,1287,31,50000,10000
90000,1,24,90000,270,1,0,4884,1652,45,110000,60000
600000,4,20,150000,30,4,0,1202,1652,32,290000,52082
980000,7,20,140000,30,7,0,2572,1652,43,150000,50000
700000,2,22,350000,90,2,0,441,1501,34,167494,52082
540000,3,20,180000,30,3,0,622,1501,39,167494,52082
40000,1,24,40000,180,1,0,2602,1501,21,167494,52082
1350000,9,20,150000,30,8,152500,1537,556,21,180000,5000
425000,5,20,85000,30,5,0,4183,1652,43,90000,10000
750000,5,20,150000,30,5,0,3729,1287,40,150000,50000
2900000,8,20,400000,30,7,279583,2023,1501,42,167494,200000
440000,7,20,70000,30,7,0,2481,1652,36,70000,10000
320000,7,20,50000,30,7,0,6225,2017,39,50000,14000
800000,8,22,110000,90,7,91500,1020,556,26,130000,18000
60000,1,20,60000,15,1,0,7443,1652,47,90000,20000
1480000,12,20,130000,30,11,111833,1751,2382,42,110000,130000
240000,2,20,120000,30,2,0,1873,556,29,160000,40000
960000,8,22,120000,90,7,122000,1478,1287,32,200000,30000
900000,6,20,160000,30,5,142333,1539,1652,25,360000,100000
376000,8,22,70000,90,7,38633,563,921,23,100000,25000
480000,8,22,60000,90,7,61000,2877,1501,47,167494,30000
800000,4,20,200000,30,3,201500,1022,1287,39,520000,80000
100000,2,22,50000,90,2,0,1660,921,28,65000,8000
810000,5,20,170000,30,5,0,4036,1652,35,170000,6000
80000,2,22,40000,120,1,7141,2605,2017,40,40000,10000
75000,1,24,75000,270,1,0,1752,1652,43,90000,30000
2400000,6,20,400000,30,6,0,872,1652,47,300000,80000
650000,2,20,250000,30,2,0,4007,2017,52,430000,230000
35000,1,20,35000,30,1,0,3519,1501,31,167494,52082
70000,1,24,70000,270,1,0,415,556,28,100000,13000
420000,2,20,210000,30,2,0,719,1287,33,250000,100000
700000,7,20,100000,30,7,0,1511,556,23,180000,6500
420000,6,20,70000,30,6,0,1267,2017,50,90000,40000
120000,2,20,60000,30,2,0,1938,1287,31,70000,5000
675000,7,22,140000,90,6,86416,294,1501,24,167494,52082
650000,5,20,130000,30,5,0,1543,2017,31,150000,52082
350000,7,20,50000,30,6,50833,1240,1501,28,167494,52082
240000,5,20,50000,30,5,0,1391,1501,32,167494,52082
3000000,5,20,600000,30,5,0,509,921,34,800000,120000
1110000,11,20,110000,30,10,91500,1453,1287,42,110000,10000
150000,3,20,50000,30,3,0,4163,1287,45,170000,18000
2250000,9,20,250000,30,9,0,2030,1652,41,250000,100000
450000,8,20,70000,90,7,50833,114,1501,32,167494,52082
300000,2,20,200000,30,2,0,1545,2382,34,160000,80000
70000,1,20,70000,30,1,0,569,556,36,140000,15000
100000,2,20,50000,30,2,0,1149,2748,39,85000,13000
170000,4,20,50000,90,4,0,4528,1287,47,60000,8000
2350000,4,20,600000,30,4,0,2245,1287,0,600000,100000
800000,2,18,400000,15,2,0,3280,1501,58,167494,52082
1440000,6,20,240000,30,6,0,1454,921,36,400000,25000
240000,10,20,30000,30,9,16266,1242,1287,24,50000,8000
700000,1,20,700000,30,1,0,4620,1652,46,700000,150000
600000,6,20,100000,30,6,0,1182,921,50,70000,30000
500000,2,20,250000,90,2,0,237,2017,43,280000,100000
535000,3,20,180000,30,3,0,2087,2748,45,200000,40000
80000,1,20,80000,30,1,0,483,921,44,140000,38000
800000,2,20,400000,30,2,0,3648,921,38,360000,150000
1260000,6,20,240000,30,6,0,483,556,25,230000,50000
350000,1,20,350000,30,1,0,3010,921,51,600000,100000
640000,2,18,320000,15,2,0,2765,1287,40,490000,30000
520000,2,20,260000,30,2,0,4076,1652,47,230000,90000
400000,2,20,200000,30,2,0,1458,1287,49,330000,80000
35000,1,20,35000,30,1,0,727,1501,30,167494,52082
970000,12,20,70000,30,11,91500,1792,1287,28,120000,10000
145000,3,20,50000,30,2,46575,8551,921,40,50000,5000
550000,3,20,120000,30,3,0,4868,2017,0,300000,20000
210000,3,20,70000,30,3,0,881,556,28,90000,10000
400000,1,20,400000,30,1,0,4562,1501,45,167494,52082
110000,1,20,110000,30,1,0,1855,1652,38,110000,30000
360000,3,20,120000,30,3,0,1459,2382,31,130000,40000
1520000,4,20,380000,30,4,0,4412,921,37,580000,80000
1200000,7,20,200000,30,7,0,1581,2382,42,160000,80000
1080000,6,20,180000,30,5,183000,1733,2382,38,170000,100000
300000,3,20,150000,30,2,0,2087,1287,29,460000,50000
160000,4,20,40000,30,4,0,882,1287,44,50000,5000
210000,3,20,70000,30,3,0,1003,1287,41,75000,30000
290000,4,20,70000,30,4,0,1126,1652,32,60000,10000
150000,3,20,50000,30,3,0,5143,921,21,70000,20000
470000,3,20,170000,90,3,0,3498,1652,39,150000,35000
140000,2,20,70000,30,2,0,7792,556,61,55000,30000
140000,2,20,70000,30,2,0,2557,2748,37,80000,15000
400000,5,20,100000,30,4,0,1522,1287,23,200000,10000
1900000,10,20,210000,30,9,172833,1522,2017,32,210000,50000
750000,3,20,250000,30,3,0,366,556,27,320000,50000
540000,3,20,180000,30,3,0,1523,1652,41,200000,90000
500000,2,20,250000,30,2,0,2102,1287,36,420000,70000
375000,8,20,50000,30,7,40666,4873,2382,53,80000,20000
180000,3,20,50000,30,3,0,2591,2017,28,100000,20000
190000,3,20,40000,30,3,0,1160,2017,27,100000,20000
800000,4,20,200000,30,4,0,886,556,45,240000,70000
210000,3,20,70000,30,3,0,3106,1501,39,167494,52082
240000,4,20,60000,30,4,0,1921,556,41,110000,20000
160000,4,20,35000,30,4,0,1372,921,31,60000,10000
60000,1,20,60000,30,1,0,2653,1501,32,167494,52082
30000,1,20,30000,30,1,0,2103,1287,31,60000,30000
90000,3,20,30000,30,3,0,2865,1652,28,50000,7000
98000,3,20,28000,30,3,0,1039,921,28,60000,7000
70000,1,20,70000,30,1,0,1253,921,29,130000,30000
161000,4,20,33000,30,4,0,1557,921,39,60000,12000
1810000,8,18,200000,10,8,0,1131,921,39,450000,100000
720000,7,20,120000,30,6,81333,2227,2017,39,100000,27000
80000,1,22,80000,90,1,0,2012,1501,38,167494,52082
80000,2,22,40000,90,2,0,1040,556,28,45000,34000
400000,1,24,400000,180,1,0,1313,556,46,400000,90000
700000,4,20,200000,30,4,0,3597,2017,29,470000,30000
650000,5,20,130000,30,5,0,2166,1287,31,160000,40000
760000,10,20,100000,30,9,61000,2197,1652,47,110000,40000
100000,2,20,50000,30,2,0,4815,1501,47,80000,10000
105000,3,20,35000,30,3,0,1194,1287,26,60000,6000
350000,7,20,50000,30,6,50833,2989,1287,44,120000,150000
660000,6,20,110000,30,6,0,4785,3113,36,150000,25000
280000,7,20,40000,30,7,0,371,1287,30,50000,30000
175000,5,20,35000,30,5,0,2228,2017,39,40000,8000
135000,4,20,35000,30,4,0,1406,921,34,36000,8000
160000,2,24,80000,180,2,0,2502,1652,39,110000,300000
380000,4,20,100000,30,4,0,3841,1501,31,170000,20000
806000,10,20,90000,30,9,0,3233,2017,42,90000,20000
830000,11,20,80000,30,10,61000,1256,1287,37,130000,20000
200000,8,20,30000,30,8,0,7100,1501,39,65000,8500
90000,2,22,50000,90,2,0,3263,1501,53,167494,52082
560000,5,20,120000,30,5,0,464,1501,52,167494,52082
400000,4,20,100000,30,4,0,2351,2017,48,100000,20000
337200,7,20,50000,30,7,0,1649,1501,37,167494,52082
300000,6,20,50000,30,6,0,676,1501,27,167494,52082
900000,5,20,180000,30,5,0,1257,2017,36,180000,50000
855000,9,20,100000,30,9,0,220,1652,33,110000,10000
240000,7,20,40000,30,6,0,373,2017,36,40000,15000
1980000,4,22,500000,90,4,0,1469,1287,25,480000,150000
400000,5,20,80000,30,5,0,497,556,32,120000,10000
280000,4,20,70000,30,4,0,222,1287,38,100000,30000
200000,4,20,50000,30,4,0,528,3113,25,40000,10000
4550000,10,20,550000,30,9,355833,3784,1287,46,600000,150000
940000,9,20,110000,30,9,0,1349,2017,33,140000,100000
1000000,10,20,100000,30,10,0,2048,1652,38,80000,20000
460000,5,20,110000,30,4,81333,2993,1652,39,120000,80000
640000,6,20,100000,30,6,0,9202,1287,50,130000,40000
280000,4,20,70000,30,4,0,801,1287,30,80000,80000
605000,11,20,55000,30,10,55916,3875,1501,32,167494,52082
160000,4,20,40000,30,4,0,406,1501,54,167494,52082
150000,7,20,20000,30,7,0,528,921,38,35000,7000
74000,4,20,16000,30,4,0,2262,4209,41,30000,100000
3440000,7,20,520000,30,6,427000,4606,2382,43,460000,50000
1000000,6,20,180000,30,5,101666,1594,1287,28,360000,30000
420000,7,20,60000,30,7,0,1472,921,42,40000,30000
800000,2,18,400000,15,2,0,3298,1652,58,360000,300000
440000,6,20,80000,30,6,0,1868,1652,25,100000,8000
80000,1,18,80000,15,1,0,2087,1501,50,167494,52082
2000000,5,20,400000,30,5,0,1261,2017,40,350000,150000
1080000,9,20,120000,30,8,122000,1442,1287,39,120000,10000
665000,5,20,150000,30,4,91500,1289,1287,34,160000,40000
150000,3,20,50000,30,3,0,12,1501,20,167494,52082
1350000,3,20,450000,30,3,0,256,1501,59,167494,52082
120000,2,20,60000,30,2,0,651,1501,31,167494,52082
7100000,8,20,900000,30,8,0,1778,1287,28,700000,100000
70000,2,20,30000,30,2,0,2478,921,43,43000,10000
240000,3,22,80000,90,3,0,166,1501,43,167494,52082
190164,5,22,40000,90,5,0,1382,1501,32,167494,52082
700000,1,20,700000,30,1,0,2087,1501,33,167494,52082
1100000,4,20,270000,30,4,0,1840,556,42,400000,50000
180000,3,22,60000,90,3,0,622,1501,27,167494,52082
1050000,7,20,150000,30,7,0,2175,1287,32,360000,150000
800000,7,20,110000,30,7,0,714,921,32,180000,60000
386000,7,20,55000,30,7,0,2511,1287,31,70000,52082
180000,3,22,60000,90,3,0,5341,1501,38,167494,52082
50000,1,18,50000,15,1,0,1933,1501,35,167494,52082
140000,2,20,70000,30,2,0,168,2017,29,80000,52082
120000,2,20,60000,30,2,0,1203,1287,21,50000,10000
180000,4,20,45000,30,4,0,2603,1652,39,50000,30000
155000,4,20,40000,30,4,0,898,921,36,50000,6000
160000,2,22,80000,90,2,0,2572,921,38,80000,52082
350000,1,22,350000,90,1,0,4004,1287,44,500000,40000
540000,3,20,180000,30,3,0,655,2017,39,180000,30000
1480000,12,20,130000,30,11,111833,1782,2382,42,110000,130000
510000,4,20,115000,30,4,0,869,2748,40,130000,80000
320000,7,20,50000,30,7,0,6257,2017,39,50000,14000
100000,1,24,100000,180,1,0,2755,2017,44,100000,100000
2900000,8,20,400000,30,7,279583,2055,2017,42,410000,200000
1140000,8,20,130000,30,8,0,1904,2017,32,200000,40000
440000,7,20,70000,30,7,0,2513,1652,36,70000,10000
440000,8,20,50000,30,8,0,4157,2748,46,100000,150000
810000,5,20,170000,30,5,0,4067,1652,35,170000,6000
120000,3,22,40000,90,3,0,1997,1287,30,60000,10000
800000,4,20,200000,30,3,201500,1053,1501,40,167494,52082
1350000,9,20,150000,30,8,152500,1571,1501,21,167494,52082
600000,4,20,150000,30,4,0,1236,1652,32,290000,52082
660000,11,20,60000,30,10,61000,1145,2382,41,48000,30000
900000,6,20,160000,30,5,142333,1571,1652,25,360000,100000
1200000,6,20,200000,30,6,0,5344,1501,42,167494,52082
800000,5,20,200000,30,4,0,2879,1652,51,580000,50000
3500000,7,20,500000,30,6,508333,1723,1501,37,167494,52082
980000,7,20,140000,30,7,0,2607,1501,43,167494,52082
425000,5,20,85000,30,5,0,4218,1501,43,167494,52082
240000,4,20,60000,30,4,0,657,921,27,110000,20000
343000,6,20,60000,30,6,0,1449,921,23,90000,15000
140000,3,20,50000,30,3,0,2942,2017,27,60000,30000
80000,2,22,40000,90,2,0,538,1501,26,167494,52082
750000,5,20,150000,30,5,0,3764,1287,41,150000,50000
700000,7,20,100000,30,7,0,1542,556,23,180000,6500
280000,5,20,55000,30,5,0,2608,921,29,65000,20000
360000,1,22,360000,90,1,0,3307,1501,58,167494,52082
190000,3,20,60000,30,3,0,2758,1287,25,150000,20000
160000,4,20,40000,30,4,0,872,2017,42,60000,10000
90000,4,20,20000,30,4,0,4099,2017,39,40000,8000
650000,5,20,130000,30,5,0,1574,2017,31,150000,52082
230000,1,22,230000,90,1,0,1574,1501,41,167494,52082
2400000,6,20,400000,30,6,0,904,1652,47,300000,80000
420000,6,20,70000,30,6,0,1298,2017,50,90000,40000
630000,7,20,90000,30,7,0,629,1501,28,167494,52082
65000,3,22,30000,90,2,0,1421,2382,36,43000,50000
1200000,2,20,600000,30,2,0,1270,921,34,800000,120000
270000,6,20,60000,30,6,0,1574,2748,54,100000,20000
5600000,8,20,700000,30,7,711666,4648,1652,46,700000,150000
197000,3,22,100000,90,2,47783,1149,1652,35,450000,50000
70000,1,24,70000,180,1,0,2548,2017,42,65000,60000
1110000,11,20,110000,30,10,91500,1485,1287,42,110000,10000
240000,10,20,30000,30,9,16266,1273,1287,24,50000,8000
2350000,4,20,600000,30,4,0,2276,1287,0,600000,100000
380000,1,20,380000,30,1,0,4438,921,37,580000,80000
3150000,9,20,350000,30,8,355833,3038,1501,22,167494,52082
900000,5,20,180000,30,5,0,1758,2382,38,170000,100000
1100000,3,20,400000,30,3,0,3676,1501,38,167494,52082
80000,1,20,80000,30,1,0,511,1501,44,167494,52082
1040000,13,20,80000,30,12,81333,1666,1652,41,80000,52082
210000,3,20,70000,30,3,0,1151,1501,32,167494,52082
104000,4,20,33000,30,4,0,1577,1501,39,167494,52082
190000,6,20,30000,30,6,0,1454,1501,53,40000,20000
1440000,6,20,240000,30,6,0,1486,921,37,400000,25000
280000,4,20,70000,30,4,0,2087,1501,41,167494,52082
600000,6,20,100000,30,6,0,1213,921,50,70000,30000
70000,1,20,70000,30,1,0,2582,1501,37,167494,52082
303000,9,20,35000,30,8,32533,755,1501,30,167494,52082
2250000,9,20,250000,30,9,0,2063,1652,41,250000,100000
1610000,7,20,230000,30,7,0,2338,2017,37,190000,50000
240000,4,20,60000,30,3,61000,4104,1501,47,167494,52082
500000,4,20,100000,30,4,0,2429,2382,48,200000,23000
550000,11,20,50000,30,10,50833,3069,2017,38,50000,20000
870000,5,20,200000,30,5,0,909,556,45,240000,70000
720000,9,20,80000,30,8,81333,1640,1501,49,167494,52082
750000,3,20,250000,30,3,0,391,556,27,320000,50000
310000,10,20,35000,30,9,27958,878,921,29,50000,11000
280000,4,22,70000,90,3,71166,26,1501,29,167494,52082
175000,5,22,40000,90,4,25416,2309,1501,31,167494,52082
40000,1,24,40000,180,1,0,1883,3113,54,25000,100000
265000,5,20,60000,30,5,0,1944,556,41,110000,20000
60000,1,20,60000,30,1,0,2675,1652,32,60000,30000
200000,4,20,50000,30,4,0,938,921,54,55000,20000
255000,9,20,35000,30,8,25416,1395,921,31,60000,10000
1260000,6,20,240000,30,6,0,514,556,25,230000,50000
335000,11,20,35000,30,10,25416,2888,1652,51,50000,18000
1000000,5,20,200000,30,4,203333,1488,1287,49,330000,80000
535000,3,20,175000,30,3,0,2087,2748,45,200000,40000
220000,2,20,120000,30,2,0,4897,1501,31,167494,52082
600000,5,20,120000,30,5,0,1215,1501,26,167494,52082
150000,1,20,150000,30,1,0,2087,1287,0,460000,50000
625000,6,20,110000,30,6,0,1884,1501,38,167494,52082
570000,9,20,70000,30,8,55916,910,1501,28,167494,52082
880000,4,20,220000,30,4,0,4592,921,46,280000,100000
120000,1,24,120000,180,1,0,2797,2017,44,135000,100000
800000,2,20,400000,30,2,0,4592,921,46,360000,400000
400000,4,20,120000,30,4,0,1489,2382,32,130000,40000
140000,2,20,70000,30,2,0,7820,556,0,55000,30000
150000,3,20,50000,30,3,0,4199,1287,45,170000,18000
140000,3,20,50000,30,3,0,1581,1501,41,167494,52082
360000,8,20,45000,30,7,45750,5263,2017,36,45000,30000
120000,3,20,40000,30,3,0,2158,1287,43,125000,50000
1090000,10,20,180000,30,7,91500,1553,1652,41,200000,90000
370000,7,22,60000,90,6,50833,1553,921,40,90000,11000
160000,4,20,40000,30,4,0,914,1287,44,50000,5000
210000,9,20,30000,30,8,20333,2892,1652,28,50000,7000
164000,6,20,28000,30,6,0,1066,921,28,60000,7000
420000,2,20,210000,30,2,0,762,1287,33,250000,100000
400000,5,20,100000,30,4,0,1554,1287,23,200000,10000
150000,3,20,50000,30,3,0,4902,2382,53,80000,20000
350000,7,20,50000,30,6,50833,1281,1652,28,65000,30000
240000,5,20,50000,30,5,0,1432,1287,33,70000,20000
270000,9,20,30000,30,8,30500,2131,1287,31,60000,30000
45000,3,20,15000,30,3,0,1128,1652,30,40000,5000
500000,1,20,500000,30,1,0,3135,1652,35,560000,400000
200000,6,20,30000,30,5,40666,1189,2017,27,100000,45000
390000,3,20,130000,30,3,0,2193,1287,31,160000,40000
210000,3,20,70000,30,3,0,3136,2017,39,80000,50000
70000,1,20,70000,30,1,0,1282,921,29,130000,30000
400000,9,20,50000,30,8,40666,2621,2017,29,100000,20000
300000,7,20,50000,30,7,0,4842,1501,48,80000,10000
290000,4,22,80000,90,3,51750,5847,2017,60,80000,50000
40000,1,22,40000,90,1,0,1099,2017,38,70000,15000
70000,2,20,35000,30,2,0,2256,2017,39,40000,8000
160000,2,20,80000,30,2,0,1283,1287,38,130000,20000
630000,7,20,180000,30,6,71166,1283,2017,36,180000,50000
1096000,8,20,140000,30,7,117933,2407,1287,39,110000,30000
40000,1,24,40000,180,1,0,2087,1501,45,167494,52082
330000,6,20,60000,30,6,0,368,921,25,60000,8000
80000,1,24,80000,180,1,0,612,2017,44,90000,27000
200000,1,20,200000,30,1,0,3626,2017,30,470000,30000
360000,3,20,120000,30,3,0,2257,2017,39,100000,27000
120000,1,22,120000,90,1,0,2287,2382,53,120000,10000
50000,1,22,50000,90,1,0,1557,1652,0,70000,40000
215000,4,24,85000,180,3,40666,3261,1652,35,85000,30000
1810000,8,18,250000,10,8,0,1162,921,39,440000,300000
660000,6,20,110000,30,6,0,4818,3113,36,150000,25000
855000,9,20,100000,30,9,0,251,1652,33,110000,10000
760000,10,20,100000,30,9,61000,2230,1652,47,110000,40000
806000,10,20,90000,30,9,0,3265,2017,42,90000,20000
80000,1,24,80000,180,1,0,3844,1287,42,120000,30000
900000,1,20,900000,30,1,0,1804,1287,28,700000,100000
480000,4,20,120000,30,4,0,5883,2382,41,110000,20000
400000,4,20,100000,30,4,0,2383,2017,49,100000,20000
240000,7,20,40000,30,6,0,404,2017,36,40000,15000
280000,7,20,40000,30,7,0,404,1287,30,50000,30000
105000,3,20,35000,30,3,0,1227,1287,26,60000,6000
2080000,4,20,520000,30,4,0,4634,2382,43,460000,50000
560000,5,20,120000,30,5,0,496,1501,52,110000,50000
300000,6,20,50000,30,6,0,708,2017,27,65000,5000
380000,9,20,50000,30,8,40666,1926,2017,41,40000,30000
200000,8,20,30000,30,8,0,7132,1501,39,65000,8500
337200,7,20,50000,30,7,0,1681,921,37,105000,20000
195000,10,20,20000,30,8,20333,1712,921,44,55000,15000
200000,1,22,200000,90,1,0,617,2017,47,200000,150000
80000,1,22,80000,90,1,0,466,921,24,85000,10000
480000,8,20,60000,30,7,61000,1228,1287,21,50000,10000
120000,2,20,60000,30,2,0,678,2017,31,60000,160000
160000,2,20,80000,30,2,0,527,556,32,120000,10000
210000,5,20,70000,30,5,0,252,1287,39,100000,30000
60000,2,20,30000,30,2,0,2505,921,43,43000,10000
940000,9,20,110000,30,9,0,1380,2017,33,140000,100000
280000,4,20,70000,30,4,0,832,1287,30,80000,80000
90000,1,22,90000,90,1,0,253,1652,34,120000,70000
4550000,10,20,550000,30,9,355833,3815,1287,46,600000,150000
150000,7,20,20000,30,7,0,559,921,38,35000,7000
1000000,10,20,100000,30,10,0,2079,1652,38,80000,20000
605000,11,20,55000,30,10,55916,3906,2017,32,60000,10000
200000,4,20,50000,30,4,0,559,3113,25,40000,10000
74000,4,20,16000,30,4,0,2293,4209,41,30000,100000
440000,6,20,80000,30,6,0,1899,1652,25,100000,8000
183000,4,20,50000,30,4,0,1199,1287,28,70000,8000
800000,2,20,400000,30,2,0,2080,2017,42,410000,200000
360000,8,20,45000,30,7,45750,1595,1652,41,70000,40000
130000,3,20,50000,30,3,0,2964,2017,27,60000,30000
90000,2,20,45000,30,2,0,2630,1652,39,50000,30000
235000,7,20,40000,30,6,30500,925,921,36,50000,6000
2000000,5,20,400000,30,5,0,1292,2017,41,350000,150000
150000,3,20,50000,30,3,0,43,921,20,55000,6000
60000,1,22,60000,90,1,0,2234,921,35,80000,20000
160000,4,22,40000,90,4,0,439,2017,54,38000,18000
1100000,4,20,270000,30,4,0,1871,556,42,400000,50000
1900000,10,20,210000,30,9,172833,1567,2017,33,210000,50000
420000,7,20,60000,30,7,0,1506,921,42,40000,30000
1080000,9,20,120000,30,8,122000,1475,1287,39,120000,10000
1810000,8,18,250000,10,8,0,1172,921,39,440000,300000
800000,7,20,110000,30,7,0,745,921,33,180000,60000
140000,2,20,70000,30,2,0,199,2017,29,80000,15000
1000000,2,20,500000,30,2,0,1750,1652,37,650000,200000
335000,3,20,115000,30,3,0,898,2748,40,130000,80000
70000,1,20,70000,30,1,0,2542,1652,36,70000,10000
386000,7,20,54000,30,7,0,2542,1287,31,70000,52082
295000,9,20,35000,30,8,30500,1629,2382,35,45000,20000
500000,2,22,250000,90,2,0,2176,921,44,270000,50000
1545000,11,20,160000,30,10,96583,472,2017,51,240000,12000
400000,4,20,100000,30,4,0,1568,556,23,180000,6500
400000,1,22,400000,90,1,0,746,921,45,550000,100000
1350000,3,20,400000,30,3,0,290,1652,59,430000,100000
85000,1,20,85000,30,1,0,4246,1652,43,90000,10000
1050000,7,20,150000,30,6,152500,3791,1287,41,150000,50000
130000,2,20,50000,30,2,0,2087,2382,50,170000,50000
210000,3,22,70000,90,2,71166,2178,2017,30,60000,40000
440000,8,20,50000,30,8,0,4188,2748,46,100000,150000
1200000,6,20,200000,30,6,0,5375,1287,42,280000,100000
810000,5,20,170000,30,5,0,4098,1652,35,170000,6000
660000,11,20,60000,30,10,61000,1176,2382,41,48000,30000
1350000,9,20,150000,30,8,152500,1602,556,21,180000,5000
450000,6,22,100000,90,5,71166,3336,1652,42,100000,60000
980000,7,20,140000,30,7,0,2638,1652,43,150000,50000
240000,4,20,60000,30,4,0,688,921,28,110000,20000
343000,6,20,55000,30,6,0,1480,921,23,90000,15000
630000,7,20,90000,30,7,0,660,556,28,180000,100000
280000,5,20,55000,30,5,0,2640,921,29,65000,20000
2400000,6,20,400000,30,6,0,935,1652,47,300000,80000
130000,3,20,30000,30,3,0,539,2017,49,70000,8000
750000,3,20,250000,30,3,0,2090,1501,41,167494,52082
110000,1,20,110000,30,1,0,1513,1501,42,167494,52082
560000,8,20,70000,30,7,71166,2609,1501,37,167494,52082
225000,5,20,45000,30,5,0,1360,556,26,70000,20000
270000,6,20,30000,30,6,0,1605,2748,54,100000,20000
650000,5,20,130000,30,5,0,1606,2017,31,150000,52082
70000,1,22,70000,90,1,0,2641,2382,38,80000,15000
800000,2,20,700000,30,2,0,4679,1652,46,700000,150000
800000,4,22,250000,90,4,0,2702,2017,33,220000,30000
160000,4,20,40000,30,4,0,905,2017,42,60000,10000
90000,4,20,20000,30,4,0,4132,2017,40,40000,8000
1100000,2,22,550000,90,2,0,3007,1501,44,167494,52082
200000,2,22,100000,90,2,0,9246,921,42,160000,30000
40000,1,24,40000,180,1,0,3828,556,31,60000,10000
200000,1,18,200000,15,1,0,2764,1652,40,320000,100000
190000,3,20,60000,30,3,0,2792,1287,25,150000,20000
3000000,5,20,600000,30,5,0,572,921,34,800000,120000
420000,6,20,70000,30,6,0,1331,2017,50,90000,40000
970000,12,20,60000,30,11,91500,1849,1287,28,120000,10000
900000,5,20,180000,30,5,0,1789,2382,38,170000,100000
210000,3,20,70000,30,3,0,1182,1652,32,60000,10000
3150000,9,20,350000,30,8,355833,3069,921,22,600000,100000
240000,10,20,30000,30,9,16266,1304,1287,24,50000,8000
104000,4,20,28000,30,4,0,1608,921,39,60000,12000
1100000,3,20,350000,30,3,0,3707,921,38,360000,150000
1040000,13,20,80000,30,12,81333,1697,1652,41,80000,52082
360000,7,20,50000,30,7,0,2246,2382,47,100000,20000
600000,6,20,100000,30,6,0,1244,921,50,70000,30000
500000,4,20,100000,30,4,0,2460,2382,48,200000,23000
280000,4,20,70000,30,4,0,2087,1287,41,75000,30000
1440000,6,20,240000,30,6,0,1517,921,37,400000,25000
80000,1,20,80000,30,1,0,452,556,28,80000,30000
135000,3,20,45000,30,3,0,5291,2017,36,45000,30000
1610000,7,20,230000,30,7,0,2369,2017,37,190000,50000
680000,6,22,120000,90,5,111833,3070,556,54,180000,20000
470000,6,22,100000,90,5,66083,1305,2382,38,105000,20000
240000,4,20,60000,30,3,61000,4135,2748,47,63000,90000
550000,11,20,50000,30,10,50833,3100,2017,38,50000,20000
303000,9,20,35000,30,8,32533,786,556,30,60000,19000
190000,6,20,30000,30,6,0,1486,1501,54,40000,20000
2350000,4,20,600000,30,4,0,2309,1287,0,600000,100000
660000,6,20,110000,30,6,0,3831,556,34,110000,20000
870000,5,20,190000,30,5,0,940,556,46,240000,70000
720000,9,20,80000,30,8,81333,1671,2017,49,100000,100000
3000000,4,20,750000,30,4,0,4045,556,39,750000,150000
335000,11,20,35000,30,10,25416,2919,1652,51,50000,18000
600000,5,20,120000,30,5,0,1246,1652,27,140000,50000
220000,2,20,100000,30,2,0,4928,2017,31,300000,20000
275000,5,20,55000,30,5,0,1307,1287,23,95000,20000
200000,4,20,50000,30,4,0,970,921,54,55000,20000
310000,10,20,35000,30,9,27958,910,921,29,50000,11000
255000,9,20,30000,30,8,25416,1427,921,31,60000,10000
750000,3,20,250000,30,3,0,423,556,27,320000,50000
130000,1,22,130000,90,1,0,331,556,30,220000,20000
265000,5,20,60000,30,5,0,1976,556,41,110000,20000
800000,2,20,400000,30,2,0,4623,921,46,360000,400000
625000,6,20,110000,30,6,0,1916,1652,38,110000,30000
400000,4,20,100000,30,4,0,1520,2382,32,130000,40000
420000,9,20,50000,30,8,45750,1854,2748,38,70000,15000
40000,1,24,40000,180,1,0,212,2748,30,35000,25000
1260000,6,20,180000,30,6,0,546,556,25,230000,50000
570000,9,20,70000,30,8,55916,942,556,29,90000,10000
140000,2,20,70000,30,2,0,7851,556,0,55000,30000
335000,10,20,35000,30,9,30500,424,1501,29,167494,52082
255000,6,22,50000,90,5,40666,2859,2748,61,50000,26000
200000,1,18,200000,10,1,0,7760,921,44,200000,90000
390000,3,20,130000,30,3,0,2220,1287,31,160000,40000
400000,5,20,100000,30,4,0,1582,1287,23,200000,10000
210000,3,20,70000,30,3,0,3163,2017,39,80000,50000
150000,3,20,50000,30,3,0,4930,2382,53,80000,20000
210000,9,20,30000,30,8,20333,2921,1652,28,50000,7000
164000,6,20,28000,30,6,0,1095,921,28,60000,7000
270000,9,20,30000,30,8,30500,2159,1287,31,60000,30000
400000,9,20,50000,30,8,40666,2648,2017,29,100000,20000
1090000,10,20,180000,30,7,91500,1582,1652,41,200000,90000
160000,2,24,90000,180,1,74433,213,2017,40,90000,35000
830000,11,20,80000,30,10,61000,1309,1287,38,130000,20000
300000,7,20,50000,30,7,0,4869,1501,48,80000,10000
160000,4,20,40000,30,4,0,943,1287,44,50000,5000
175000,5,20,35000,30,5,0,2282,2017,39,40000,8000
135000,4,20,35000,30,4,0,1460,921,34,36000,8000
100000,2,20,50000,30,2,0,394,921,25,88000,8000
700000,4,20,100000,30,4,0,3651,2017,30,470000,30000
770000,7,20,110000,30,6,111833,4847,3113,36,150000,25000
90000,1,20,90000,30,1,0,3294,2017,43,90000,20000
7100000,8,20,900000,30,8,0,1833,1287,28,700000,100000
600000,6,20,120000,30,5,0,5912,2382,41,110000,20000
700000,7,20,100000,30,7,0,2412,2017,49,100000,20000
80000,2,20,40000,30,2,0,433,1287,30,50000,30000
170000,1,22,170000,90,1,0,3234,921,42,280000,800000
760000,10,20,100000,30,9,61000,2260,1652,47,110000,40000
195000,10,20,20000,30,8,20333,1742,921,44,55000,15000
855000,9,20,100000,30,9,0,281,1652,33,110000,10000
240000,7,20,40000,30,6,0,434,2017,36,40000,15000
380000,9,20,40000,30,8,40666,1957,2017,41,40000,30000
200000,8,20,30000,30,8,0,7163,1501,39,65000,8500
560000,5,20,100000,30,5,0,527,1501,52,110000,50000
160000,2,20,80000,30,2,0,557,556,32,120000,10000
300000,6,20,50000,30,6,0,739,2017,28,65000,5000
337200,7,20,50000,30,7,0,1712,921,37,105000,20000
210000,5,20,50000,30,5,0,282,1287,39,100000,30000
640000,6,20,100000,30,6,0,9262,1287,50,130000,40000
35000,1,24,35000,180,1,0,2087,2382,41,30000,150000
940000,9,20,110000,30,9,0,1410,2017,33,140000,100000
200000,4,20,50000,30,4,0,589,3113,26,40000,10000
4550000,10,20,450000,30,9,355833,3845,1287,46,600000,150000
150000,7,20,20000,30,7,0,589,921,38,35000,7000
74000,4,20,16000,30,4,0,2323,4209,41,30000,100000
605000,11,20,55000,30,10,55916,3936,2017,32,60000,10000
1000000,10,20,100000,30,10,0,2109,1652,38,80000,20000
235000,7,20,40000,30,6,30500,956,921,36,50000,6000
440000,6,20,80000,30,6,0,1930,1652,25,100000,8000
800000,2,20,400000,30,2,0,2111,2017,42,410000,200000
360000,8,20,45000,30,7,45750,1626,1652,41,70000,40000
750000,5,20,150000,30,5,0,3817,1287,41,150000,50000
150000,3,20,50000,30,3,0,73,921,20,55000,6000
140000,3,20,50000,30,3,0,2995,2017,27,60000,30000
440000,7,20,70000,30,7,0,2570,1652,36,70000,10000
450000,3,20,150000,30,3,0,1627,556,22,180000,5000
2000000,5,20,400000,30,5,0,1323,2017,41,350000,150000
90000,2,20,45000,30,2,0,11731,1287,52,45000,12000
183000,4,20,33000,30,4,0,1231,1287,28,70000,8000
90000,2,20,45000,30,2,0,2662,1652,39,50000,30000
425000,5,20,85000,30,5,0,4273,1652,44,90000,10000
420000,7,20,60000,30,7,0,1536,921,42,40000,30000
1900000,10,20,190000,30,9,172833,1597,2017,33,210000,50000
1100000,4,20,270000,30,4,0,1901,556,42,400000,50000
130000,1,22,130000,90,1,0,1140,556,32,130000,50000
60000,1,22,60000,90,1,0,562,921,26,70000,50000
100000,1,22,100000,90,1,0,836,2382,31,130000,10000
240000,1,22,240000,90,1,0,1049,1287,32,240000,130000
1080000,9,20,120000,30,8,122000,1505,1287,39,110000,10000
1000000,2,20,500000,30,2,0,1780,1652,37,430000,200000
700000,2,22,350000,90,2,0,533,1287,35,300000,300000
1810000,8,18,220000,10,8,0,1203,921,39,440000,50000
240000,2,22,120000,90,2,0,10150,1652,49,160000,40000
1545000,11,20,140000,30,10,96583,503,2017,52,240000,12000
800000,7,20,110000,30,7,0,776,921,33,180000,60000
800000,8,20,110000,30,7,91500,1112,556,26,130000,18000
335000,3,20,110000,30,3,0,929,2748,40,130000,80000
386000,7,20,54000,30,7,0,2573,1287,31,70000,52082
200000,1,22,200000,90,1,0,2025,1287,47,270000,50000
295000,9,20,35000,30,8,30500,1660,2382,35,45000,20000
400000,4,20,100000,30,4,0,1599,556,23,180000,6500
1480000,12,20,130000,30,11,111833,1843,2382,42,110000,130000
1140000,8,20,130000,30,8,0,1965,2017,32,200000,40000
440000,8,20,50000,30,8,0,4218,2748,46,100000,150000
30000,1,24,30000,180,1,0,2238,1287,29,50000,9000
240000,2,20,120000,30,2,0,1965,556,29,160000,40000
320000,7,20,40000,30,7,0,6318,2017,39,45000,14000
1200000,7,20,100000,30,7,0,1663,2382,42,160000,80000
100000,2,20,50000,30,2,0,1753,921,28,65000,8000
810000,5,20,150000,30,5,0,4129,1652,35,170000,6000
980000,7,20,140000,30,7,0,2668,1652,43,150000,50000
660000,11,20,60000,30,10,61000,1207,2382,41,48000,30000
960000,8,20,120000,30,7,122000,1572,1287,33,200000,30000
480000,8,20,60000,30,7,61000,2971,2748,47,60000,30000
376000,8,20,58000,30,7,38633,657,921,24,100000,25000
1200000,6,20,200000,30,6,0,5407,1287,42,280000,100000
980000,5,22,220000,90,4,183000,1450,2017,34,220000,50000
240000,5,20,50000,30,5,0,1481,1287,33,70000,20000
343000,6,20,55000,30,6,0,1511,921,23,90000,15000
1110000,11,20,110000,30,10,91500,1542,1287,42,110000,10000
125000,1,20,125000,30,1,0,1634,2017,31,150000,10000
675000,7,20,100000,30,6,86416,386,921,24,140000,25000
630000,7,20,90000,30,7,0,690,556,29,180000,100000
280000,5,20,55000,30,5,0,2670,921,29,65000,20000
2400000,6,20,400000,30,6,0,965,1652,47,300000,80000
200000,2,20,100000,30,2,0,2001,2017,49,90000,50000
560000,8,20,70000,30,7,71166,2640,2748,37,80000,15000
80000,2,22,40000,150,2,0,814,1287,50,45000,20000
1100000,3,20,350000,30,3,0,3737,921,38,360000,150000
900000,5,20,180000,30,5,0,1819,2382,38,170000,100000
210000,3,20,70000,30,3,0,1212,1652,32,60000,10000
360000,7,20,50000,30,7,0,2276,2382,47,100000,20000
240000,10,20,30000,30,9,16266,1334,1287,24,50000,8000
104000,4,20,28000,30,4,0,1638,921,39,60000,12000
1810000,8,18,220000,10,8,0,1212,921,39,440000,50000
490000,7,18,70000,15,6,71166,754,556,43,100000,40000
500000,4,20,100000,30,4,0,2491,2382,49,200000,23000
280000,4,20,70000,30,4,0,2087,1287,41,75000,30000
135000,3,20,45000,30,3,0,5322,2017,37,45000,30000
3150000,9,20,350000,30,8,355833,3101,921,22,600000,100000
600000,6,20,100000,30,6,0,1275,921,50,70000,30000
303000,9,20,35000,30,8,32533,817,556,30,60000,19000
190000,6,20,30000,30,6,0,1517,2748,54,40000,20000
550000,11,20,50000,30,10,50833,3131,2017,38,50000,20000
660000,6,20,110000,30,6,0,3861,556,34,110000,20000
2350000,4,20,550000,30,4,0,2340,1287,0,600000,100000
870000,5,20,160000,30,5,0,971,556,46,240000,70000
70000,1,20,70000,30,1,0,1641,1287,27,110000,60000
1040000,13,20,80000,30,12,81333,1730,1652,41,80000,52082
1610000,7,20,230000,30,7,0,2402,2017,37,190000,50000
1440000,6,20,240000,30,6,0,1550,921,37,400000,25000
200000,4,20,50000,30,4,0,1001,921,54,55000,20000
265000,5,20,55000,30,5,0,2007,556,41,110000,20000
255000,9,20,30000,30,8,25416,1458,921,31,60000,10000
600000,5,20,120000,30,5,0,1277,1652,27,140000,50000
335000,11,20,35000,30,10,25416,2950,1652,51,50000,18000
720000,9,20,80000,30,8,81333,1703,2017,49,100000,100000
310000,10,20,32500,30,9,27958,941,921,29,50000,11000
3000000,4,20,750000,30,4,0,4077,556,39,750000,150000
1200000,3,22,400000,90,3,0,271,1287,32,300000,170000
70000,1,22,70000,90,1,0,3924,1652,43,90000,10000
150000,1,18,150000,15,1,0,1217,556,26,270000,30000
400000,2,22,200000,120,2,0,2159,2382,33,140000,200000
50000,1,22,50000,90,1,0,547,1652,28,70000,7500
225000,6,22,45000,90,4,45750,820,1652,43,40000,150000
750000,3,20,250000,30,3,0,456,556,28,320000,50000
470000,5,22,100000,90,4,91500,578,1652,44,60000,200000
100000,1,22,100000,90,1,0,364,921,24,150000,200000
80000,1,20,80000,30,1,0,4808,2748,53,130000,200000
190000,2,24,90000,180,2,0,3074,2748,44,65000,10000
420000,9,20,45000,30,8,45750,1886,2748,38,70000,15000
625000,6,20,110000,30,6,0,1948,1652,39,110000,30000
200000,3,20,60000,30,3,0,2009,1287,34,240000,30000
275000,5,20,55000,30,5,0,1340,1287,23,95000,20000
1260000,6,20,180000,30,6,0,579,556,26,230000,50000
165000,4,22,50000,90,3,35583,2087,3843,34,70000,10000
1090000,10,20,180000,30,7,91500,1616,1652,41,200000,90000
390000,3,20,130000,30,3,0,2254,1287,31,160000,40000
400000,5,20,100000,30,4,0,1616,2017,23,200000,10000
160000,4,20,40000,30,4,0,977,1287,44,50000,5000
200000,6,20,10000,30,5,40666,1252,2017,27,100000,45000
400000,9,20,50000,30,8,40666,2683,2017,29,100000,20000
150000,3,20,50000,30,3,0,4965,2382,54,80000,20000
300000,7,20,40000,30,7,0,4904,1501,48,80000,10000
270000,9,20,30000,30,8,30500,2194,1287,32,60000,30000
30000,1,18,30000,15,1,0,613,556,32,90000,30000
600000,1,22,600000,90,1,0,1496,556,43,800000,300000
300000,1,22,300000,90,1,0,369,921,42,290000,50000
180000,1,20,180000,30,1,0,35,2017,50,200000,20000
210000,3,20,70000,30,3,0,3199,2017,39,80000,50000
150000,1,24,150000,180,1,0,704,2017,25,300000,7000
270000,5,22,80000,90,4,40666,2409,2017,46,70000,26000
70000,2,20,35000,30,2,0,2318,2017,39,40000,8000
130000,5,22,30000,90,4,20333,3930,2382,44,40000,29000
500000,4,20,200000,30,4,0,2501,2382,49,170000,50000
360000,3,20,120000,30,3,0,2319,2017,39,100000,27000
60000,1,24,60000,180,1,0,2015,1287,28,140000,42000
900000,1,20,900000,60,1,0,1497,556,46,800000,200000
249000,4,22,70000,90,3,62100,278,921,41,60000,90000
275000,5,22,70000,90,4,25416,5423,3113,40,55000,10000
80000,2,20,40000,30,2,0,1132,556,29,45000,30000
100000,2,20,50000,30,2,0,431,921,26,88000,8000
135000,4,20,35000,30,4,0,1497,921,34,36000,8000
806000,10,20,90000,30,9,0,3323,2017,43,90000,20000
280000,2,20,140000,30,2,0,2471,1287,39,110000,30000
120000,1,22,120000,90,1,0,8346,556,43,160000,80000
127000,5,22,30000,90,4,22366,2087,921,45,70000,10000
480000,4,20,120000,30,4,0,5942,2382,41,110000,20000
660000,6,20,110000,30,6,0,4877,3113,36,150000,25000
50000,1,20,50000,30,1,0,37,2017,28,50000,30000
80000,2,22,40000,90,2,0,463,556,20,50000,23000
260000,2,18,120000,15,2,0,310,556,29,250000,50000
400000,4,20,100000,30,4,0,2442,2017,49,90000,20000
200000,2,20,100000,30,2,0,310,1652,33,110000,10000
60000,1,20,60000,30,1,0,2289,1652,47,110000,40000
280000,7,20,40000,30,7,0,463,1287,30,50000,30000
7100000,8,20,900000,30,8,0,1864,1287,28,700000,100000
420000,5,20,100000,60,5,0,1591,2748,33,80000,80000
257000,4,22,70000,90,4,0,2837,2748,42,85000,40000
400000,5,20,80000,30,5,0,586,556,32,120000,10000
200000,4,22,50000,90,2,101666,2137,2017,33,60000,60000
90000,2,20,40000,30,2,0,3355,1287,53,55000,17000
330000,1,20,330000,30,1,0,556,1652,25,600000,50000
80000,2,18,50000,15,2,0,191,921,38,75000,45000
500000,1,18,500000,10,1,0,1438,921,42,550000,200000
1980000,4,20,500000,30,4,0,1562,1287,25,480000,150000
370000,3,22,130000,90,2,78198,739,1287,35,130000,20000
2080000,4,20,520000,30,4,0,4696,2382,43,460000,50000
640000,6,20,100000,30,6,0,9293,1287,50,130000,40000
560000,5,20,100000,30,5,0,558,1501,52,110000,50000
380000,9,20,40000,30,8,40666,1988,2017,41,40000,30000
200000,8,20,25000,30,8,0,7194,1501,39,65000,8500
4550000,10,20,450000,30,9,355833,3876,1287,46,600000,150000
940000,9,20,110000,30,9,0,1441,2017,33,140000,100000
40000,1,20,40000,30,1,0,2628,3478,35,60000,20000
150000,7,20,20000,30,7,0,620,921,38,35000,7000
2900000,8,20,400000,30,7,279583,2141,2017,43,410000,200000
140000,3,20,40000,30,3,0,3026,2017,27,60000,30000
2400000,6,20,400000,30,5,406666,1353,2017,41,350000,150000
1050000,7,20,150000,30,6,152500,3848,1287,41,150000,50000
120000,1,20,120000,30,1,0,1534,1287,39,110000,10000
440000,3,18,150000,15,3,0,1231,556,26,270000,30000
440000,6,20,80000,30,6,0,1961,1652,25,100000,8000
360000,8,20,45000,30,7,45750,1657,1652,41,70000,40000
400000,1,20,400000,30,1,0,866,1652,46,400000,200000
80000,1,22,80000,90,1,0,2143,921,45,120000,30000
3500000,7,20,500000,30,6,508333,1809,1652,37,430000,200000
90000,2,20,45000,30,2,0,11762,1287,52,45000,12000
450000,3,20,150000,30,3,0,1658,556,22,180000,5000
190164,5,20,40000,30,5,0,1474,921,32,42000,3200
1200000,4,22,300000,90,3,305000,2816,2017,44,280000,100000
1900000,10,20,190000,30,9,172833,1628,2017,33,210000,50000
600000,5,22,150000,90,3,152500,1720,1652,32,110000,50000
240000,3,20,80000,30,3,0,259,921,43,105000,20000
320000,4,22,80000,90,3,81333,2113,1652,35,70000,20000
420000,7,20,60000,30,7,0,1567,921,42,40000,30000
800000,8,20,110000,30,7,91500,1143,556,27,130000,18000
180000,3,20,60000,30,3,0,5434,1652,38,65000,20000
1545000,11,20,140000,30,10,96583,534,2017,52,240000,12000
800000,7,20,110000,30,7,0,807,921,33,180000,60000
335000,3,20,110000,30,3,0,960,2748,40,120000,80000
400000,4,20,100000,30,4,0,1630,556,24,180000,6500
200000,1,20,200000,30,1,0,5436,1287,42,280000,100000
320000,4,22,80000,90,3,81333,4705,3113,49,70000,50000
120000,3,20,40000,30,3,0,2089,1287,30,60000,10000
980000,7,20,140000,30,7,0,2699,1652,43,150000,50000
520000,4,18,140000,15,4,0,323,556,29,250000,50000
360000,1,20,360000,30,1,0,3398,1652,59,360000,300000
480000,8,20,60000,30,7,61000,3002,2748,47,60000,30000
660000,11,20,60000,30,10,61000,1238,2382,41,48000,30000
376000,8,20,58000,30,7,38633,688,921,24,100000,25000
108000,4,22,30000,90,3,26433,1176,3113,33,35000,35000
240000,5,20,40000,30,5,0,1512,1287,33,70000,20000
1110000,11,20,100000,30,10,91500,1573,1287,42,110000,10000
343000,6,20,38000,30,6,0,1542,921,23,90000,15000
1810000,8,18,220000,10,8,0,1239,921,39,440000,50000
320000,4,22,80000,90,3,81333,1421,556,29,90000,10000
80000,2,20,40000,30,1,40666,1513,921,29,85000,20000
100000,2,18,50000,15,2,0,205,921,38,75000,45000
30000,1,18,30000,15,1,0,1513,2382,28,50000,10000
750000,3,20,250000,30,3,0,2153,1652,41,220000,100000
630000,7,20,90000,30,7,0,723,556,29,180000,100000
280000,5,20,55000,30,5,0,2703,921,29,65000,20000
5600000,8,20,700000,30,7,711666,4741,1652,46,700000,150000
160000,4,20,40000,30,4,0,967,2017,42,60000,10000
560000,8,20,70000,30,7,71166,2672,2748,37,80000,15000
450000,8,20,60000,30,7,50833,237,1287,33,70000,20000
170000,4,20,40000,30,4,0,4651,1287,47,60000,8000
500000,2,22,250000,90,2,0,1120,921,41,220000,60000
200000,2,20,100000,30,2,0,2034,2017,49,90000,50000
500000,2,20,250000,30,2,0,359,2017,43,280000,100000
340000,4,22,90000,90,3,81333,3007,1652,45,100000,15000
3150000,9,20,350000,30,8,355833,3132,921,22,600000,100000
1170000,4,22,300000,90,3,294833,514,556,26,300000,50000
280000,4,20,70000,30,3,71166,118,2017,30,90000,100000
303000,9,20,35000,30,8,32533,848,556,30,60000,19000
600000,6,20,100000,30,6,0,1306,921,50,70000,30000
135000,3,20,45000,30,3,0,5353,2017,37,45000,30000
660000,3,22,220000,90,3,0,1276,556,40,280000,70000
870000,5,20,160000,30,5,0,1002,556,46,240000,70000
480000,2,20,240000,30,2,0,1580,921,37,400000,25000
920000,5,22,180000,90,4,183000,1641,3113,60,180000,17000
286000,4,22,80000,90,3,68116,484,1652,43,140000,60000
600000,5,20,120000,30,5,0,1310,1652,27,140000,50000
265000,5,20,50000,30,5,0,2040,556,41,110000,20000
1260000,6,20,180000,30,6,0,609,556,26,230000,50000
625000,6,20,105000,30,6,0,1979,1652,39,110000,30000
200000,3,20,60000,30,3,0,2040,1287,34,240000,30000
275000,5,20,55000,30,5,0,1371,1287,23,95000,20000
420000,9,20,45000,30,8,45750,1917,2748,38,70000,15000
255000,9,20,30000,30,8,25416,1491,921,31,60000,10000
720000,9,20,80000,30,8,81333,1736,2017,49,100000,100000
570000,9,20,70000,30,8,55916,1005,556,29,90000,10000
335000,11,20,35000,30,10,25416,2983,1652,51,50000,18000
310000,10,20,32500,30,9,27958,974,921,29,50000,11000
240000,3,20,80000,30,3,0,1431,556,28,90000,12000
370000,7,20,60000,30,6,50833,1645,921,40,90000,11000
540000,3,20,180000,30,3,0,1645,1652,41,200000,90000
630000,5,20,150000,30,4,122000,3622,1652,39,150000,35000
400000,4,20,90000,30,4,0,1584,2382,32,130000,40000
80000,2,20,40000,30,2,0,1006,1287,44,50000,5000
500000,5,20,100000,30,5,0,1645,1287,23,200000,10000
335000,10,20,35000,30,9,30500,488,1652,30,80000,20000
630960,6,20,120000,30,5,88938,2893,1652,38,150000,50000
300000,4,22,80000,90,3,71166,2468,1652,36,90000,50000
55000,1,22,55000,90,1,0,1067,2017,28,60000,10000
660000,6,20,120000,30,5,66083,2376,2382,53,120000,10000
630000,7,20,80000,30,6,71166,1373,2017,36,150000,50000
255000,4,22,70000,90,3,55916,63,1287,38,70000,35000
375000,8,20,50000,30,7,40666,4994,2382,54,80000,20000
164000,6,20,28000,30,6,0,1159,921,28,60000,7000
830000,11,20,80000,30,10,61000,1373,1287,38,130000,20000
210000,9,20,25000,30,8,20333,2985,1652,28,50000,7000
170000,2,20,100000,30,2,0,2043,1652,31,170000,40000
40000,1,22,40000,90,1,0,643,2382,39,45000,100000
280000,8,18,35000,15,8,0,3565,556,33,65000,4500
210000,3,20,70000,30,3,0,3228,2017,39,80000,50000
400000,9,20,50000,30,8,40666,2713,2017,29,100000,20000
330000,6,20,50000,30,6,0,459,921,26,75000,8000
300000,7,20,40000,30,7,0,4934,1501,48,80000,10000
175000,5,20,35000,30,5,0,2347,2017,39,40000,8000
270000,9,20,30000,30,8,30500,2224,1287,32,60000,30000
120000,4,20,30000,30,4,0,643,556,39,50000,10000
150000,3,20,50000,30,3,0,1647,1652,39,70000,40000
70000,1,22,70000,90,1,0,1434,921,40,125000,8000
520000,4,18,140000,15,4,0,338,556,29,250000,50000
260000,1,22,260000,90,1,0,218,556,36,300000,100000
720000,6,20,200000,30,5,81333,2530,2382,49,170000,50000
720000,7,20,120000,30,6,81333,2348,2017,39,100000,27000
200000,5,18,40000,10,4,40666,2776,921,40,68000,28000
480000,4,20,120000,30,4,0,5973,2382,41,110000,20000
200000,2,20,100000,30,2,0,341,1652,33,110000,10000
7100000,8,20,900000,30,8,0,1894,1287,28,700000,100000
400000,5,20,80000,30,5,0,616,556,32,120000,10000
400000,4,20,100000,30,4,0,2473,2017,49,90000,20000
360000,5,20,80000,30,5,0,555,921,24,85000,10000
50000,1,20,50000,30,1,0,1771,921,37,105000,20000
20000,1,20,20000,30,1,0,1802,921,44,55000,15000
500000,1,20,500000,30,1,0,1591,1287,25,480000,150000
290000,3,20,100000,30,3,0,9322,1287,50,130000,40000
400000,2,20,200000,30,2,0,1865,556,30,325000,200000
480000,8,20,60000,30,7,61000,1319,1287,22,50000,10000
380000,9,20,40000,30,8,40666,2018,2017,41,40000,30000
210000,5,20,30000,30,5,0,343,1287,39,100000,30000
120000,1,20,120000,30,1,0,70,1652,29,210000,60000
160000,2,20,80000,30,2,0,343,1652,34,120000,70000
200000,8,20,25000,30,8,0,7224,1501,39,65000,8500
4550000,10,20,450000,30,9,355833,3906,1287,46,600000,150000
105000,3,22,35000,90,2,35583,1805,556,37,95000,50000
940000,9,20,110000,30,9,0,1471,2017,33,140000,100000
1000000,10,20,100000,30,10,0,2170,1652,38,80000,20000
80000,2,22,40000,90,2,0,1927,921,35,50000,13000
605000,11,20,55000,30,10,55916,3997,2017,32,60000,10000
180000,3,20,60000,30,3,0,5458,556,38,100000,20000
130000,3,20,40000,30,3,0,3054,2017,27,60000,30000
235000,7,20,35000,30,6,30500,1015,921,36,50000,6000
2900000,8,20,400000,30,7,279583,2171,2017,43,410000,200000
1740000,6,20,270000,30,6,0,1959,556,42,400000,50000
1080000,9,20,120000,30,8,122000,1563,1287,39,110000,10000
100000,2,20,55000,30,2,0,2324,921,36,80000,20000
80000,1,20,80000,30,1,0,1990,1652,25,100000,10000
130000,3,22,50000,90,2,40666,2171,921,30,80000,80000
145000,5,20,40000,30,4,25416,529,2017,54,38000,18000
2400000,6,20,400000,30,5,406666,1383,2017,41,350000,150000
270000,2,18,120000,10,2,0,4517,1287,34,480000,75000
3500000,7,20,500000,30,6,508333,1840,1652,37,430000,200000
60000,1,22,60000,90,1,0,988,1652,35,75000,20000
450000,3,20,150000,30,3,0,1689,556,22,180000,5000
120000,1,22,120000,90,1,0,1048,1287,43,260000,60000
180000,3,20,60000,30,3,0,744,1652,27,60000,40000
190164,5,20,40000,30,5,0,1505,921,32,42000,3200
120000,1,20,120000,30,1,0,623,556,36,260000,150000
240000,3,20,80000,30,3,0,289,921,43,105000,20000
1900000,10,20,190000,30,9,172833,1659,2017,33,190000,50000
200000,5,18,40000,10,4,40666,2786,921,40,68000,28000
800000,2,20,400000,30,2,0,1751,921,45,550000,100000
450000,5,20,90000,30,4,91500,2175,556,51,240000,150000
440000,7,20,40000,30,7,0,2633,1652,37,70000,10000
1545000,11,20,110000,30,10,96583,564,2017,52,240000,12000
260000,3,22,100000,90,2,81333,3152,921,39,270000,50000
100000,1,20,100000,30,1,0,1265,921,32,320000,120000
500000,1,18,500000,15,1,0,4794,1652,32,650000,550000
100000,2,18,50000,15,2,0,230,921,38,75000,45000
800000,8,20,110000,30,7,91500,1173,556,27,130000,18000
275000,5,20,55000,30,4,55916,837,2748,40,70000,50000
81000,3,22,30000,90,2,24400,4368,2382,52,53000,40000
650000,2,18,450000,15,1,106634,776,921,43,840000,350000
810000,5,20,150000,30,5,0,4188,1652,35,170000,6000
600000,4,20,150000,30,4,0,626,556,29,270000,30000
1480000,12,20,130000,30,11,111833,1904,2382,43,110000,130000
1140000,8,20,130000,30,8,0,2026,2017,32,200000,40000
400000,4,20,100000,30,4,0,1661,556,24,180000,6500
320000,4,20,80000,30,4,0,961,921,39,120000,100000
440000,8,20,40000,30,8,0,4279,2748,46,100000,150000
40000,1,18,40000,15,1,0,108,556,41,70000,10000
280000,7,20,50000,30,6,30500,1812,921,28,70000,4500
320000,7,20,40000,30,7,0,6379,1652,39,45000,14000
295000,9,20,35000,30,8,30500,1722,2382,35,45000,20000
1200000,6,20,200000,30,6,0,5466,1287,42,280000,100000
120000,3,20,40000,30,3,0,2119,1287,30,60000,10000
1200000,7,20,100000,30,7,0,1723,2382,42,160000,80000
240000,3,20,80000,30,3,0,3123,921,52,140000,20000
450000,6,20,70000,30,5,71166,3427,1652,42,100000,60000
200000,5,20,40000,30,4,40666,1540,1287,33,70000,20000
81000,3,20,27000,30,3,0,658,2017,26,50000,7800
140000,1,18,140000,15,1,0,352,556,29,250000,50000
500000,1,18,500000,15,1,0,1814,921,29,650000,31000
1200000,3,20,400000,30,3,0,1816,921,47,600000,100000
1920000,6,20,320000,30,5,325333,3065,2017,38,330000,50000
360000,6,20,70000,30,5,50833,82,1287,35,90000,30000
1110000,11,20,100000,30,10,91500,1604,1287,42,110000,10000
225000,5,20,45000,30,5,0,1451,556,27,70000,20000
800000,4,20,250000,30,4,0,2793,2017,33,220000,30000
2250000,9,20,250000,30,9,0,2182,1652,41,220000,100000
70000,1,22,70000,90,1,0,721,1287,40,80000,20000
50000,1,22,50000,90,1,0,175,1287,42,65000,100000
105000,3,22,35000,90,2,35583,22,921,33,55000,10000
900000,2,18,450000,10,2,0,3643,921,47,800000,200000
55000,1,20,55000,30,1,0,2732,921,29,65000,20000
99000,5,20,40000,30,4,5083,996,2017,42,60000,10000
1100000,2,20,550000,30,2,0,3098,921,45,1020000,500000
630000,7,20,90000,30,7,0,753,556,29,180000,100000
5600000,8,20,700000,30,7,711666,4771,1652,46,700000,150000
150000,3,22,50000,90,2,50833,3797,3113,24,70000,30000
560000,8,20,70000,30,7,71166,2702,2748,37,80000,15000
170000,4,20,40000,30,4,0,4681,1287,47,60000,8000
200000,2,20,100000,30,2,0,9337,921,43,160000,30000
450000,8,20,60000,30,7,50833,267,1287,33,70000,20000
1038526,5,20,230000,30,4,196056,876,556,24,300000,100000
360000,7,20,50000,30,7,0,2337,2382,47,100000,20000
980000,3,22,350000,90,2,320250,4011,556,24,460000,130000
900000,5,20,180000,30,5,0,1880,2382,38,170000,100000
30000,1,22,30000,90,1,0,998,2017,46,40000,20000
30000,1,20,30000,30,1,0,299,921,29,30000,10000
280000,8,18,35000,15,8,0,3586,556,33,65000,4500
490000,7,20,70000,30,6,71166,815,556,43,100000,100000
240000,10,20,22000,30,9,16266,1395,1287,24,50000,8000
360000,8,20,45000,30,7,45750,5381,2017,37,45000,30000
1700000,3,20,550000,30,3,0,5352,1287,36,600000,100000
130000,3,22,50000,90,2,40666,5413,556,28,100000,10000
200000,5,18,40000,10,4,40666,2796,921,40,68000,28000
680000,6,20,120000,30,5,111833,3161,556,54,180000,20000
280000,4,20,70000,30,4,0,2087,1287,41,75000,30000
470000,6,20,100000,30,5,66083,1396,2382,38,105000,20000
3150000,9,20,350000,30,8,355833,3162,921,22,600000,100000
550000,11,20,50000,30,10,50833,3192,2017,38,50000,20000
303000,9,20,35000,30,8,32533,878,556,30,60000,19000
190000,6,20,30000,30,6,0,1578,2748,54,40000,20000
1610000,7,20,230000,30,7,0,2463,2017,37,190000,50000
1440000,6,20,240000,30,6,0,1611,921,37,400000,25000
660000,6,20,110000,30,6,0,3924,556,34,110000,20000
1040000,13,20,80000,30,12,81333,1792,1652,41,75000,52082
870000,5,20,160000,30,5,0,1033,556,46,240000,70000
2070000,4,20,520000,30,3,559166,4016,921,45,580000,40000
970000,12,20,90000,30,11,91500,1946,1287,29,100000,10000
440000,3,20,140000,30,3,0,1278,556,26,270000,30000
160000,2,20,80000,30,2,0,394,556,26,350000,70000
30000,1,20,30000,30,1,0,243,2748,26,70000,20000
84000,3,22,30000,90,2,27450,485,921,25,77000,5000
255000,6,20,45000,30,5,40666,2951,2748,61,50000,26000
600000,5,20,120000,30,5,0,1340,1652,27,140000,50000
625000,6,20,100000,30,6,0,2009,1652,39,110000,30000
275000,5,20,55000,30,5,0,1401,1287,23,95000,20000
420000,9,20,45000,30,8,45750,1947,2748,38,70000,15000
360000,2,18,180000,15,2,0,121,556,21,310000,15000
1090000,10,20,130000,30,7,91500,1674,1652,41,200000,90000
720000,9,20,80000,30,8,81333,1766,2017,49,100000,100000
570000,9,20,60000,30,8,55916,1035,556,29,90000,10000
60000,1,20,60000,30,1,0,2190,1652,33,75000,200000
265000,5,20,40000,30,5,0,2070,556,41,110000,20000
310000,10,20,30000,30,9,27958,1004,921,29,50000,11000
255000,9,20,30000,30,8,25416,1521,921,31,60000,10000
335000,11,20,25000,30,10,25416,3013,1652,51,50000,18000
470000,3,20,150000,30,3,0,3651,1652,39,150000,35000
370000,7,20,50000,30,6,50833,1674,921,40,90000,11000
335000,10,20,35000,30,9,30500,517,1652,30,80000,20000
900000,2,18,450000,15,2,0,790,921,43,840000,350000
1600000,5,18,400000,10,5,0,3651,921,47,800000,200000
90000,3,20,30000,60,3,0,1401,1287,43,45000,17000
150000,1,20,150000,30,1,0,1825,556,35,170000,60000
650000,3,22,250000,90,2,203333,1217,921,31,300000,60000
120000,2,22,60000,90,2,0,1217,556,23,330000,70000
377000,3,22,130000,90,2,118950,1405,1652,45,118000,108000
500000,5,20,100000,30,5,0,1678,2017,23,200000,10000
630000,7,20,80000,30,6,71166,1405,2017,36,150000,50000
375000,8,20,50000,30,7,40666,5026,2382,54,80000,20000
630960,6,20,120000,30,5,88938,2925,1652,38,150000,50000
660000,6,20,120000,30,5,66083,2408,2382,53,120000,10000
240000,3,20,80000,30,3,0,1464,556,28,90000,12000
830000,11,20,80000,30,10,61000,1405,1287,38,130000,20000
164000,6,20,26000,30,6,0,1191,921,28,60000,7000
210000,9,20,20000,30,8,20333,3017,1652,28,50000,7000
520000,4,18,130000,15,4,0,368,556,29,250000,50000
210000,3,20,70000,30,3,0,3259,2017,39,80000,50000
400000,9,20,40000,30,8,40666,2744,2017,29,100000,20000
300000,7,20,40000,30,7,0,4965,3478,48,80000,10000
270000,9,20,30000,30,8,30500,2255,1287,32,60000,30000
120000,4,20,30000,30,4,0,674,556,39,50000,10000
720000,6,20,200000,30,5,81333,2561,2382,49,170000,50000
330000,6,20,50000,30,6,0,491,921,26,75000,8000
1096000,8,20,140000,30,7,117933,2530,1287,39,110000,30000
720000,7,20,120000,30,6,81333,2379,2017,39,100000,27000
150000,3,20,50000,30,3,0,1679,1652,39,70000,40000
280000,7,20,40000,30,7,0,522,1287,30,50000,30000
75000,2,20,35000,30,2,0,1192,556,29,45000,30000
770000,7,20,110000,30,6,111833,4937,3113,36,150000,25000
80000,2,20,40000,30,2,0,523,2017,37,40000,15000
430000,2,22,280000,90,1,152500,1101,556,29,320000,50000
806000,10,20,90000,30,9,0,3384,2017,43,90000,20000
760000,10,20,60000,30,9,61000,2349,1652,47,110000,40000
120000,4,20,30000,30,4,0,584,921,32,38000,100000
260000,6,20,50000,30,5,40666,97,2017,28,50000,30000
150000,6,20,30000,30,5,15250,3414,1287,53,55000,17000
1980000,4,20,490000,30,4,0,1620,1287,25,480000,150000
900000,2,22,450000,90,1,465750,2928,1652,41,520000,510000
380000,3,22,130000,90,2,122000,312,556,33,140000,15000
700000,7,20,100000,30,7,0,2503,2017,49,90000,20000
150000,2,20,75000,30,2,0,920,556,23,85000,10000
155000,3,22,55000,90,2,45750,736,2017,33,76000,7800
855000,9,20,95000,30,9,0,371,1652,33,110000,10000
150000,3,22,50000,90,2,50833,1832,556,40,60000,30000
600000,6,20,120000,30,5,0,6003,2382,41,110000,20000
195000,10,20,20000,30,8,20333,1832,921,45,55000,15000
7100000,8,20,800000,30,8,0,1925,1287,28,700000,100000
680000,5,20,170000,30,4,0,3325,921,43,280000,500000
420000,5,20,80000,30,5,0,1652,2748,33,80000,80000
377400,4,20,108000,30,3,76250,100,1652,29,210000,60000
290000,3,20,100000,30,3,0,9353,1287,50,130000,40000
280000,8,18,35000,15,8,0,3601,556,34,65000,4500
400000,2,20,200000,30,2,0,1896,556,30,325000,200000
170000,1,20,170000,30,1,0,739,556,34,370000,80000
160000,2,20,80000,30,2,0,374,1652,34,120000,70000
480000,8,20,60000,30,7,61000,1350,1287,22,50000,10000
380000,9,20,40000,30,8,40666,2049,2017,41,40000,30000
180000,4,18,45000,15,3,45337,1380,556,29,105000,20000
4550000,10,20,450000,30,9,355833,3938,1287,47,600000,150000
2900000,8,20,400000,30,7,279583,2202,2017,43,410000,200000
1740000,6,20,270000,30,6,0,1990,556,42,400000,50000
940000,9,20,110000,30,9,0,1503,2017,33,140000,100000
1000000,10,20,100000,30,10,0,2202,1652,38,80000,20000
1600000,5,18,300000,10,5,0,3663,921,47,800000,200000
180000,3,20,60000,30,3,0,5490,556,39,100000,20000
605000,11,20,55000,30,10,55916,4029,2017,32,60000,10000
100000,2,20,45000,30,2,0,2355,921,36,80000,20000
130000,3,20,40000,30,3,0,3086,2017,27,60000,30000
145000,5,20,30000,30,4,25416,560,2017,54,38000,18000
235000,7,20,30000,30,6,30500,1047,921,36,50000,6000
2400000,6,20,400000,30,5,406666,1414,2017,41,350000,150000
520000,2,22,260000,90,1,264333,956,2748,61,325000,100000
350000,4,20,110000,30,3,81333,865,921,33,180000,60000
108000,2,20,54000,30,2,0,2662,1287,31,70000,52082
190164,5,20,36600,30,5,0,1535,921,33,42000,3200
320000,4,20,100000,30,3,61000,927,2382,32,130000,22000
160000,2,22,80000,90,1,81333,197,1287,28,100000,150000
3500000,7,20,500000,30,6,508333,1871,1652,38,430000,200000
500000,2,22,250000,90,1,254166,4397,1287,34,480000,18000
900000,2,18,450000,15,2,0,805,921,43,840000,350000
220000,2,22,110000,90,1,111833,744,1287,24,200000,30000
75000,1,22,75000,90,1,0,2327,556,35,155000,40000
40000,1,22,40000,90,1,0,6042,921,39,70000,40000
450000,5,20,90000,30,4,91500,2206,556,51,240000,150000
300000,2,20,150000,30,2,0,4218,1652,35,170000,6000
150000,1,22,150000,90,1,0,746,191,46,190000,40000
1545000,11,20,110000,30,10,96583,595,2017,52,240000,12000
700000,7,20,100000,30,7,0,1691,556,24,180000,6500
800000,8,20,90000,30,7,91500,1204,556,27,130000,18000
70000,1,22,70000,90,1,0,2938,921,26,85000,13000
275000,5,20,55000,30,4,55916,868,2748,41,70000,50000
90000,2,22,50000,90,1,40666,381,921,29,125000,13000
70000,2,22,35000,90,1,35583,261,2748,33,38000,40000
1200000,6,20,200000,30,6,0,5497,1287,43,280000,100000
660000,5,20,140000,30,4,101666,5437,1652,35,160000,60000
600000,4,20,150000,30,4,0,658,556,29,270000,30000
1480000,12,20,110000,30,11,111833,1936,2382,43,110000,130000
440000,8,20,40000,30,8,0,4311,2748,46,100000,150000
520000,4,18,110000,15,4,0,383,556,29,250000,50000
320000,4,20,80000,30,4,0,993,921,39,120000,100000
280000,7,20,50000,30,6,30500,1844,921,28,70000,4500
295000,9,20,30000,30,8,30500,1754,2382,35,45000,20000
81000,3,20,27000,30,3,0,690,2017,27,50000,7800
100000,2,18,50000,15,1,50375,2087,2017,41,105000,20000
50000,1,22,50000,90,1,0,1789,1652,40,55000,18000
350000,2,22,200000,90,1,152500,633,2748,39,230000,150000
1080000,6,20,180000,30,5,183000,1910,2382,38,170000,100000
630000,7,20,90000,30,7,0,784,556,29,180000,100000
560000,8,20,70000,30,7,71166,2733,2748,38,80000,15000
100000,1,22,100000,90,1,0,54,556,27,200000,11000
114000,2,22,60000,90,1,54900,1333,921,35,131000,15000
450000,8,20,50000,30,7,50833,298,1287,33,70000,20000
3150000,9,20,350000,30,8,355833,3193,921,22,600000,100000
300000,2,22,150000,90,1,152500,1397,921,57,170000,30000
190000,2,22,100000,90,1,91500,2217,921,27,140000,40000
303000,9,20,32000,30,8,32533,909,556,30,60000,19000
550000,11,20,50000,30,10,50833,3224,2017,38,50000,20000
700000,8,20,120000,30,5,111833,1369,1652,27,140000,50000
660000,6,20,110000,30,6,0,3955,556,35,110000,20000
60000,1,22,60000,90,1,0,2860,1287,50,105000,90000
60000,1,22,60000,90,1,0,668,1287,45,130000,88000
1040000,13,20,80000,30,12,81333,1823,1652,41,75000,52082
570000,9,20,60000,30,8,55916,1064,556,29,90000,10000
420000,9,20,45000,30,8,45750,1976,2748,38,70000,15000
630000,5,20,120000,30,4,122000,3684,1652,39,150000,35000
500000,5,20,100000,30,5,0,1707,2017,23,200000,10000
630960,6,20,108000,30,5,88938,2954,1652,38,150000,50000
240000,3,20,80000,30,3,0,1493,556,28,90000,12000
830000,11,20,80000,30,10,61000,1434,1287,38,130000,20000
630000,7,20,80000,30,6,71166,1435,2017,36,150000,50000
280000,4,22,70000,90,3,71166,186,2017,30,80000,100000
256000,5,20,55000,30,4,36600,2835,556,41,70000,8000
270000,5,20,50000,30,4,40666,2500,2017,46,70000,26000
50000,1,22,50000,90,1,0,1039,1287,36,110000,100000
360000,2,22,180000,90,1,183000,2439,1287,36,205000,80000
190000,2,22,100000,90,1,91500,1314,921,26,110000,110000
280000,1,18,280000,10,1,0,3474,556,32,300000,9000
70000,1,18,70000,10,1,0,399,2382,33,80000,100000
150000,3,20,50000,30,3,0,1709,1652,39,70000,40000
330000,6,20,50000,30,6,0,521,921,26,75000,8000
130000,5,20,30000,30,4,20333,4021,2382,44,40000,29000
1096000,8,20,140000,30,7,117933,2561,1287,39,110000,30000
160000,2,22,80000,90,1,81333,706,556,24,190000,100000
200000,1,18,200000,15,1,0,157,2017,40,202000,30000
150000,1,22,150000,90,1,0,1071,1652,23,230000,30000
720000,7,20,120000,30,6,81333,2410,2017,39,100000,27000
720000,6,20,80000,30,5,81333,2592,2382,49,170000,50000
140000,2,22,70000,90,1,71166,1315,556,43,105000,12000
65000,1,22,65000,90,1,0,400,556,38,98000,28000
70000,2,22,40000,90,1,30500,1376,1287,35,55000,12000
35000,1,22,35000,90,1,0,826,191,22,75000,25000
160000,4,18,40000,15,4,0,2046,556,41,90000,20000
806000,10,20,90000,30,9,0,3415,2017,43,90000,20000
150000,2,20,75000,30,2,0,950,556,23,85000,10000
275000,5,20,70000,30,4,25416,5515,3113,40,55000,10000
133000,2,22,70000,90,1,64050,1041,2017,30,100000,28000
760000,10,20,60000,30,9,61000,2380,1652,47,110000,40000
50000,1,22,50000,90,1,0,3050,1287,43,65000,400000
260000,6,20,40000,30,5,40666,128,2017,28,50000,30000
105000,4,20,30000,30,3,21350,919,1652,40,45000,5000
127000,5,20,25000,30,4,22366,2087,921,46,70000,10000
280000,7,20,40000,30,7,0,554,1287,30,50000,30000
150000,2,22,80000,90,1,71166,159,2017,34,90000,50000
680000,5,20,170000,30,4,0,3357,921,43,280000,500000
377400,4,20,97200,30,3,76250,131,1652,30,210000,60000
180000,3,20,60000,30,3,0,5520,556,39,100000,20000
380000,9,20,40000,30,8,40666,2082,2017,41,40000,30000
940000,9,20,80000,30,9,0,1534,2017,33,140000,100000
480000,8,20,60000,30,7,61000,1383,1287,22,50000,10000
280000,2,20,140000,30,2,0,1262,921,32,310000,300000
240000,4,20,60000,30,3,61000,5523,1652,38,65000,20000
235000,4,20,60000,30,3,55916,805,1652,27,60000,40000
360000,8,20,45000,30,7,45750,1750,1652,41,70000,40000
190164,5,20,33564,30,5,0,1566,921,33,42000,3200
235000,7,20,30000,30,6,30500,1080,921,36,50000,6000
3500000,7,20,500000,30,6,508333,1901,1652,38,430000,200000
1200000,4,20,300000,30,3,305000,2907,2017,44,280000,100000
1900000,10,20,170000,30,9,172833,1719,2017,33,190000,50000
1350000,9,20,150000,30,8,152500,1750,556,22,180000,8000
600000,5,20,150000,30,3,152500,1811,1652,33,110000,50000
1050000,7,20,150000,30,6,152500,3941,1287,41,150000,50000
1545000,11,20,110000,30,10,96583,623,2017,52,240000,12000
320000,4,20,80000,30,3,81333,2204,1652,36,70000,20000
350000,4,20,80000,30,3,81333,896,921,33,180000,60000
108000,2,20,54000,30,2,0,2693,1287,31,70000,52082
800000,8,20,90000,30,7,91500,1232,556,27,130000,18000
450000,5,20,90000,30,4,91500,2235,556,51,240000,150000
700000,7,20,90000,30,7,0,1719,556,24,180000,6500
275000,5,20,55000,30,4,55916,896,2748,41,70000,50000
160000,4,20,40000,30,3,40666,6437,1652,39,45000,14000
880000,1,8,880000,10,1,0,14,1501,0,167494,52082
880000,1,8,880000,10,1,0,14,1501,0,167494,52082
880000,1,8,880000,10,1,0,14,1501,0,167494,52082
880000,1,8,880000,10,1,0,14,1501,0,167494,52082
880000,1,8,880000,10,1,0,14,1501,0,167494,52082
1920000,6,20,320000,30,5,325333,3130,2017,39,330000,50000
500000,2,20,250000,30,2,0,1212,921,41,220000,60000
980000,5,20,200000,30,4,183000,1577,2017,34,220000,50000
600000,4,20,150000,30,3,81333,2246,1287,37,300000,30000
660000,5,20,140000,30,4,101666,5474,1652,35,160000,60000
1480000,12,20,110000,30,11,111833,1973,2382,43,110000,130000
340000,4,20,90000,30,3,81333,3099,1652,45,100000,15000
320000,4,20,80000,30,3,81333,4803,3113,49,70000,50000
320000,4,20,80000,30,4,0,1030,921,39,120000,100000
450000,6,20,70000,30,5,71166,3495,1652,42,100000,60000
237000,4,20,60000,30,3,57950,1243,556,34,125000,70000
2250000,9,20,250000,30,9,0,2246,1652,42,220000,100000
1200000,6,20,200000,30,6,0,5534,1287,43,280000,100000
1080000,6,20,180000,30,5,183000,1942,2382,38,170000,100000
600000,4,20,150000,30,4,0,695,556,30,270000,30000
600000,4,20,150000,30,3,152500,1243,921,29,340000,150000
800000,4,20,150000,30,4,0,2857,2017,33,220000,30000
960000,8,20,120000,30,7,122000,1700,1287,33,200000,30000
1110000,11,20,90000,30,10,91500,1669,1287,43,110000,10000
630000,7,20,90000,30,7,0,816,556,29,180000,100000
675000,7,20,85000,30,6,86416,512,921,24,140000,25000
240000,3,20,80000,30,3,0,3191,921,52,140000,20000
320000,4,20,80000,30,3,81333,1516,556,29,90000,10000
150000,3,20,50000,30,2,50833,1922,556,41,60000,30000
820000,4,18,210000,10,4,0,6629,1287,36,210000,60000
480000,8,20,60000,30,7,61000,3099,2748,48,60000,30000
660000,11,20,60000,30,10,61000,1335,2382,41,48000,30000
360000,6,20,60000,30,5,50833,147,1287,36,90000,30000
226200,4,20,55400,30,3,56323,1304,2382,45,50000,37000
450000,8,20,50000,30,7,50833,330,1287,33,70000,20000
200000,5,20,40000,30,4,40666,1608,1287,33,70000,20000
376000,8,20,38000,30,7,38633,785,921,24,100000,25000
295000,9,20,30000,30,8,30500,1791,2382,35,45000,20000
280000,7,20,30000,30,6,30500,1881,921,28,65000,4500
81000,3,20,27000,30,3,0,726,2017,27,50000,7800
99000,5,20,7000,30,4,5083,1060,2017,42,60000,10000
5600000,8,20,700000,30,7,711666,4835,1652,47,700000,150000
97000,4,20,30000,30,3,17283,1913,2017,47,35000,15000
490000,7,20,70000,30,6,71166,878,556,43,100000,100000
1038526,5,20,192842,30,4,196056,939,556,24,300000,100000
470000,6,20,70000,30,5,66083,1458,2382,38,105000,20000
108000,4,20,26000,30,3,26433,1274,3113,33,35000,35000
560000,8,20,70000,30,7,71166,2766,2748,38,80000,15000
360000,8,20,45000,30,7,45750,5444,2017,37,45000,30000
360000,7,20,50000,30,7,0,2400,2382,47,100000,20000
550000,11,20,50000,30,10,50833,3162,2017,38,50000,20000
155000,3,20,55000,30,2,45750,826,2017,33,76000,7800
760000,10,20,60000,30,9,61000,2440,1652,48,110000,40000
400000,4,20,100000,30,3,101666,363,556,37,160000,250000
96000,3,20,32000,30,2,32533,756,3478,30,58000,25000
660000,6,20,110000,30,6,0,3984,556,35,110000,20000
1040000,13,20,80000,30,12,81333,1852,1652,41,75000,52082
550000,11,20,50000,30,10,50833,3254,2017,38,50000,20000
310000,10,20,27500,30,9,27958,1062,921,29,50000,11000
2040000,4,20,540000,30,3,427000,788,1287,31,910000,100000
660000,3,20,220000,30,3,0,1368,556,40,280000,70000
920000,5,20,180000,30,4,183000,1733,3113,61,180000,17000
290000,4,20,80000,30,3,61000,3771,2017,28,90000,10000
286000,4,20,72000,30,3,68116,576,1652,43,140000,60000
370000,7,20,50000,30,6,50833,1733,921,40,90000,11000
175000,4,20,45000,30,3,40666,757,2748,32,70000,30000
255000,6,20,40000,30,5,40666,3011,2748,61,50000,26000
2070000,4,20,500000,30,3,559166,4076,921,45,580000,40000
1200000,3,20,400000,30,3,0,392,1287,32,300000,170000
700000,8,20,120000,30,5,111833,1399,1652,27,140000,50000
1090000,10,20,110000,30,7,91500,1733,1652,41,200000,90000
400000,5,20,100000,30,3,101666,941,1652,45,145000,100000
470000,5,20,95000,30,4,91500,698,1652,44,60000,200000
970000,12,20,90000,30,11,91500,2006,1287,29,100000,10000
420000,9,20,45000,30,8,45750,2006,2748,38,70000,15000
150000,4,20,40000,30,3,35583,3924,921,32,45000,23000
335000,11,20,25000,30,10,25416,3072,1652,51,50000,18000
720000,9,20,80000,30,8,81333,1825,2017,50,100000,100000
305000,4,20,75000,30,3,76250,515,2382,34,100000,150000
165000,4,20,45000,30,3,35583,2087,3843,34,70000,10000
225000,6,20,45000,30,4,45750,941,1652,43,40000,150000
335000,10,20,30000,30,9,30500,576,1652,30,80000,20000
90000,3,20,30000,30,3,0,1460,1287,44,45000,17000
625000,4,20,150000,30,3,147416,1156,556,30,550000,100000
630000,5,20,120000,30,4,122000,3712,1652,39,150000,35000
500000,5,20,100000,30,5,0,1735,2017,24,200000,10000
255000,4,20,65000,30,3,55916,152,1287,38,70000,35000
210000,9,20,20000,30,8,20333,3074,1652,28,50000,7000
500000,2,20,250000,30,2,0,394,921,40,550000,100000
630960,6,20,108000,30,5,88938,2982,1652,38,150000,50000
320000,4,20,80000,30,3,81333,456,921,36,150000,30000
120000,2,20,60000,30,2,0,1278,921,32,140000,50000
130000,5,20,30000,30,4,20333,4049,2382,44,40000,29000
120000,1,20,120000,30,1,0,1523,556,44,370000,220000
270000,5,20,50000,30,4,40666,2528,2017,46,70000,26000
272000,4,20,80000,30,3,52866,1524,1652,41,55000,22000
720000,6,20,80000,30,5,81333,2620,2382,49,170000,50000
275000,5,20,70000,30,4,25416,5542,3113,40,55000,10000
249000,4,20,49000,30,3,62100,397,921,42,60000,90000
120000,4,20,30000,30,4,0,642,921,32,38000,100000
105000,4,20,27000,30,3,21350,946,1652,40,45000,5000
1080000,3,20,380000,60,2,203333,460,1652,59,380000,50000
280000,8,18,35000,15,8,0,3656,556,34,65000,4500
806000,10,20,88000,30,9,0,3443,2017,43,90000,20000
770000,7,20,110000,30,6,111833,4996,3113,36,150000,25000
820000,4,18,200000,10,4,0,6638,1287,36,210000,60000
127000,5,20,25000,30,4,22366,2087,921,46,70000,10000
760000,10,20,60000,30,9,61000,2408,1652,47,110000,40000
260000,6,20,40000,30,5,40666,156,2017,28,50000,30000
600000,6,20,120000,30,5,0,6062,2382,42,110000,20000
150000,6,20,20000,30,5,15250,3473,1287,54,55000,17000
30000,1,18,30000,10,1,0,461,1287,45,130000,30000
360000,3,20,120000,30,3,0,1983,1287,33,130000,110000
3440000,7,20,420000,30,6,427000,4815,2382,44,460000,50000
680000,5,20,170000,30,4,0,3385,921,43,280000,500000
1000000,10,20,100000,30,10,0,2259,1652,38,80000,20000
1050000,4,20,240000,30,3,213500,1863,556,41,370000,100000
130000,3,20,40000,30,2,40666,2261,921,30,80000,80000
360000,8,20,45000,30,7,45750,1776,1652,41,70000,40000
84000,3,20,27000,30,2,27450,680,921,36,50000,6000
1050000,7,20,150000,30,6,152500,3968,1287,41,150000,50000
180000,4,18,45000,15,3,45337,1442,556,29,100000,20000
235000,4,20,60000,30,3,55916,832,1652,27,60000,40000
240000,4,20,60000,30,3,61000,5550,1652,38,65000,20000
3500000,7,20,500000,30,6,508333,1929,1652,38,430000,200000
1900000,10,20,170000,30,9,172833,1747,2017,33,190000,50000
1200000,4,20,300000,30,3,305000,2935,2017,44,280000,100000
1350000,9,20,150000,30,8,152500,1778,556,22,180000,8000
600000,5,20,150000,30,3,152500,1839,1652,33,110000,50000
280000,2,20,140000,30,2,0,1290,921,33,310000,300000
1545000,11,20,110000,30,10,96583,653,2017,52,240000,12000
960000,8,20,120000,30,7,122000,1719,1287,33,200000,30000
800000,8,20,90000,30,7,91500,1262,556,27,130000,18000
1480000,12,20,110000,30,11,111833,1992,2382,43,110000,130000
700000,7,20,90000,30,7,0,1749,556,24,180000,6500
376000,8,20,38000,30,7,38633,804,921,24,100000,25000
220000,3,20,70000,30,2,71166,2387,921,55,280000,33000
480000,8,20,60000,30,7,61000,3118,2748,48,60000,30000
295000,9,20,30000,30,8,30500,1810,2382,35,45000,20000
275000,5,20,55000,30,4,55916,926,2748,41,70000,50000
660000,5,20,140000,30,4,101666,5494,1652,35,160000,60000
160000,4,20,40000,30,3,40666,6467,1652,39,45000,14000
550000,1,20,550000,30,1,0,4094,921,45,560000,40000
320000,4,20,80000,30,3,81333,4824,3113,49,70000,50000
105000,3,20,35000,30,2,35583,112,921,33,55000,10000
240000,10,20,16000,30,9,16266,1483,1287,25,50000,8000
62000,2,18,30000,15,1,32240,1908,1501,45,167494,52082
1080000,6,20,180000,30,5,183000,1969,2382,38,170000,100000
54000,2,20,27000,30,1,27450,236,921,28,32000,50000
360000,8,20,45000,30,7,45750,5470,2017,37,45000,30000
96000,3,20,32000,30,2,32533,784,3478,30,58000,25000
175000,4,20,40000,30,3,40666,785,2748,32,70000,30000
400000,5,20,100000,30,3,101666,971,1652,45,145000,100000
700000,8,20,110000,30,5,111833,1429,1652,27,140000,50000
254000,2,20,127000,30,2,0,2676,556,33,350000,100000
270000,3,20,90000,30,2,91500,818,921,16,150000,70000
290000,4,20,70000,30,3,61000,3801,2017,28,90000,10000
570000,9,20,55000,30,8,55916,1124,556,29,90000,10000
420000,9,20,45000,30,8,45750,2036,2748,38,70000,15000
150000,4,20,35000,30,3,35583,3954,921,32,45000,23000
470000,5,20,90000,30,4,91500,729,1652,44,60000,200000
210000,9,20,20000,30,8,20333,3104,1652,28,50000,7000
377000,3,20,130000,30,2,118950,1493,1652,45,118000,108000
270000,5,20,50000,30,4,40666,2558,2017,46,70000,26000
80000,2,20,40000,30,1,40666,457,1652,26,130000,15000
1096000,8,20,140000,30,7,117933,2622,1287,40,110000,30000
380000,3,20,130000,30,2,122000,402,556,33,140000,15000
720000,7,20,80000,30,6,81333,2471,2017,39,100000,27000
720000,6,20,80000,30,5,81333,2653,2382,49,170000,50000
770000,7,20,110000,30,6,111833,5028,3113,36,150000,25000
806000,10,20,88000,30,9,0,3475,2017,43,90000,20000
210000,3,20,70000,30,2,61000,188,191,31,115000,60000
127000,5,20,25000,30,4,22366,2087,921,46,70000,10000
150000,6,20,15000,30,5,15250,3505,1287,54,55000,17000
40000,1,18,40000,15,1,0,16930,191,46,42000,4000
257000,4,20,55000,30,4,0,2988,2748,42,85000,40000
